{
  "dataset_revision": "0228b52cf27578f30900b9e5271d331663a030d7",
  "task_name": "SciFact",
  "mteb_version": "1.38.29",
  "scores": {
    "test": [
      {
        "ndcg_at_1": 0.47667,
        "ndcg_at_3": 0.55892,
        "ndcg_at_5": 0.58502,
        "ndcg_at_10": 0.60184,
        "ndcg_at_20": 0.61488,
        "ndcg_at_100": 0.63299,
        "ndcg_at_1000": 0.64627,
        "map_at_1": 0.45178,
        "map_at_3": 0.52842,
        "map_at_5": 0.5462,
        "map_at_10": 0.55421,
        "map_at_20": 0.55848,
        "map_at_100": 0.56144,
        "map_at_1000": 0.56191,
        "recall_at_1": 0.45178,
        "recall_at_3": 0.61294,
        "recall_at_5": 0.67828,
        "recall_at_10": 0.72689,
        "recall_at_20": 0.77561,
        "recall_at_100": 0.86933,
        "recall_at_1000": 0.97333,
        "precision_at_1": 0.47667,
        "precision_at_3": 0.22556,
        "precision_at_5": 0.15133,
        "precision_at_10": 0.08167,
        "precision_at_20": 0.044,
        "precision_at_100": 0.0099,
        "precision_at_1000": 0.0011,
        "mrr_at_1": 0.476667,
        "mrr_at_3": 0.551667,
        "mrr_at_5": 0.565833,
        "mrr_at_10": 0.571923,
        "mrr_at_20": 0.574766,
        "mrr_at_100": 0.576982,
        "mrr_at_1000": 0.577437,
        "nauc_ndcg_at_1_max": 0.472759,
        "nauc_ndcg_at_1_std": 0.121798,
        "nauc_ndcg_at_1_diff1": 0.706209,
        "nauc_ndcg_at_3_max": 0.504341,
        "nauc_ndcg_at_3_std": 0.083452,
        "nauc_ndcg_at_3_diff1": 0.654572,
        "nauc_ndcg_at_5_max": 0.501151,
        "nauc_ndcg_at_5_std": 0.092548,
        "nauc_ndcg_at_5_diff1": 0.648008,
        "nauc_ndcg_at_10_max": 0.510062,
        "nauc_ndcg_at_10_std": 0.10613,
        "nauc_ndcg_at_10_diff1": 0.647792,
        "nauc_ndcg_at_20_max": 0.511585,
        "nauc_ndcg_at_20_std": 0.113147,
        "nauc_ndcg_at_20_diff1": 0.650758,
        "nauc_ndcg_at_100_max": 0.506006,
        "nauc_ndcg_at_100_std": 0.134209,
        "nauc_ndcg_at_100_diff1": 0.648535,
        "nauc_ndcg_at_1000_max": 0.509725,
        "nauc_ndcg_at_1000_std": 0.126163,
        "nauc_ndcg_at_1000_diff1": 0.651486,
        "nauc_map_at_1_max": 0.460571,
        "nauc_map_at_1_std": 0.055226,
        "nauc_map_at_1_diff1": 0.707808,
        "nauc_map_at_3_max": 0.488005,
        "nauc_map_at_3_std": 0.068157,
        "nauc_map_at_3_diff1": 0.663947,
        "nauc_map_at_5_max": 0.490649,
        "nauc_map_at_5_std": 0.079573,
        "nauc_map_at_5_diff1": 0.659453,
        "nauc_map_at_10_max": 0.497238,
        "nauc_map_at_10_std": 0.088329,
        "nauc_map_at_10_diff1": 0.66054,
        "nauc_map_at_20_max": 0.497536,
        "nauc_map_at_20_std": 0.092366,
        "nauc_map_at_20_diff1": 0.661534,
        "nauc_map_at_100_max": 0.497538,
        "nauc_map_at_100_std": 0.096243,
        "nauc_map_at_100_diff1": 0.661626,
        "nauc_map_at_1000_max": 0.497738,
        "nauc_map_at_1000_std": 0.095975,
        "nauc_map_at_1000_diff1": 0.661785,
        "nauc_recall_at_1_max": 0.460571,
        "nauc_recall_at_1_std": 0.055226,
        "nauc_recall_at_1_diff1": 0.707808,
        "nauc_recall_at_3_max": 0.502098,
        "nauc_recall_at_3_std": 0.035835,
        "nauc_recall_at_3_diff1": 0.622326,
        "nauc_recall_at_5_max": 0.500059,
        "nauc_recall_at_5_std": 0.071672,
        "nauc_recall_at_5_diff1": 0.593924,
        "nauc_recall_at_10_max": 0.519773,
        "nauc_recall_at_10_std": 0.106128,
        "nauc_recall_at_10_diff1": 0.577856,
        "nauc_recall_at_20_max": 0.537395,
        "nauc_recall_at_20_std": 0.131124,
        "nauc_recall_at_20_diff1": 0.589648,
        "nauc_recall_at_100_max": 0.490133,
        "nauc_recall_at_100_std": 0.359288,
        "nauc_recall_at_100_diff1": 0.535676,
        "nauc_recall_at_1000_max": 0.633287,
        "nauc_recall_at_1000_std": 0.568511,
        "nauc_recall_at_1000_diff1": 0.336951,
        "nauc_precision_at_1_max": 0.472759,
        "nauc_precision_at_1_std": 0.121798,
        "nauc_precision_at_1_diff1": 0.706209,
        "nauc_precision_at_3_max": 0.529652,
        "nauc_precision_at_3_std": 0.204626,
        "nauc_precision_at_3_diff1": 0.501109,
        "nauc_precision_at_5_max": 0.493792,
        "nauc_precision_at_5_std": 0.252917,
        "nauc_precision_at_5_diff1": 0.406371,
        "nauc_precision_at_10_max": 0.491949,
        "nauc_precision_at_10_std": 0.305177,
        "nauc_precision_at_10_diff1": 0.347138,
        "nauc_precision_at_20_max": 0.425502,
        "nauc_precision_at_20_std": 0.332531,
        "nauc_precision_at_20_diff1": 0.274382,
        "nauc_precision_at_100_max": 0.338324,
        "nauc_precision_at_100_std": 0.468791,
        "nauc_precision_at_100_diff1": 0.12156,
        "nauc_precision_at_1000_max": 0.26592,
        "nauc_precision_at_1000_std": 0.478875,
        "nauc_precision_at_1000_diff1": -0.100481,
        "nauc_mrr_at_1_max": 0.472759,
        "nauc_mrr_at_1_std": 0.121798,
        "nauc_mrr_at_1_diff1": 0.706209,
        "nauc_mrr_at_3_max": 0.502573,
        "nauc_mrr_at_3_std": 0.118034,
        "nauc_mrr_at_3_diff1": 0.668077,
        "nauc_mrr_at_5_max": 0.500897,
        "nauc_mrr_at_5_std": 0.12524,
        "nauc_mrr_at_5_diff1": 0.661205,
        "nauc_mrr_at_10_max": 0.501654,
        "nauc_mrr_at_10_std": 0.12882,
        "nauc_mrr_at_10_diff1": 0.660304,
        "nauc_mrr_at_20_max": 0.502101,
        "nauc_mrr_at_20_std": 0.12887,
        "nauc_mrr_at_20_diff1": 0.661537,
        "nauc_mrr_at_100_max": 0.500665,
        "nauc_mrr_at_100_std": 0.130482,
        "nauc_mrr_at_100_diff1": 0.661923,
        "nauc_mrr_at_1000_max": 0.500863,
        "nauc_mrr_at_1000_std": 0.130267,
        "nauc_mrr_at_1000_diff1": 0.662104,
        "main_score": 0.60184,
        "hf_subset": "default",
        "languages": [
          "eng-Latn"
        ]
      }
    ]
  },
  "evaluation_time": 66.2981345653534,
  "kg_co2_emissions": null
}