{
  "dataset_revision": "c22ab2a51041ffd869aaddef7af8d8215647e41a",
  "task_name": "ArguAna",
  "mteb_version": "1.38.30",
  "scores": {
    "test": [
      {
        "ndcg_at_1": 0.1899,
        "ndcg_at_3": 0.30275,
        "ndcg_at_5": 0.35413,
        "ndcg_at_10": 0.41047,
        "ndcg_at_20": 0.444,
        "ndcg_at_100": 0.46701,
        "ndcg_at_1000": 0.47368,
        "map_at_1": 0.1899,
        "map_at_3": 0.27383,
        "map_at_5": 0.30224,
        "map_at_10": 0.32522,
        "map_at_20": 0.33475,
        "map_at_100": 0.33816,
        "map_at_1000": 0.33842,
        "recall_at_1": 0.1899,
        "recall_at_3": 0.38691,
        "recall_at_5": 0.51209,
        "recall_at_10": 0.68777,
        "recall_at_20": 0.81792,
        "recall_at_100": 0.93883,
        "recall_at_1000": 0.99075,
        "precision_at_1": 0.1899,
        "precision_at_3": 0.12897,
        "precision_at_5": 0.10242,
        "precision_at_10": 0.06878,
        "precision_at_20": 0.0409,
        "precision_at_100": 0.00939,
        "precision_at_1000": 0.00099,
        "mrr_at_1": 0.192745,
        "mrr_at_3": 0.274775,
        "mrr_at_5": 0.303331,
        "mrr_at_10": 0.326356,
        "mrr_at_20": 0.336089,
        "mrr_at_100": 0.339496,
        "mrr_at_1000": 0.339754,
        "nauc_ndcg_at_1_max": -0.023649,
        "nauc_ndcg_at_1_std": -0.055888,
        "nauc_ndcg_at_1_diff1": 0.18203,
        "nauc_ndcg_at_3_max": 0.034026,
        "nauc_ndcg_at_3_std": -0.021129,
        "nauc_ndcg_at_3_diff1": 0.11025,
        "nauc_ndcg_at_5_max": 0.029855,
        "nauc_ndcg_at_5_std": -0.024538,
        "nauc_ndcg_at_5_diff1": 0.103701,
        "nauc_ndcg_at_10_max": 0.068944,
        "nauc_ndcg_at_10_std": 0.00516,
        "nauc_ndcg_at_10_diff1": 0.109877,
        "nauc_ndcg_at_20_max": 0.067264,
        "nauc_ndcg_at_20_std": 0.011448,
        "nauc_ndcg_at_20_diff1": 0.107705,
        "nauc_ndcg_at_100_max": 0.055412,
        "nauc_ndcg_at_100_std": 0.013822,
        "nauc_ndcg_at_100_diff1": 0.116593,
        "nauc_ndcg_at_1000_max": 0.045114,
        "nauc_ndcg_at_1000_std": 0.000313,
        "nauc_ndcg_at_1000_diff1": 0.116606,
        "nauc_map_at_1_max": -0.023649,
        "nauc_map_at_1_std": -0.055888,
        "nauc_map_at_1_diff1": 0.18203,
        "nauc_map_at_3_max": 0.021294,
        "nauc_map_at_3_std": -0.029081,
        "nauc_map_at_3_diff1": 0.124807,
        "nauc_map_at_5_max": 0.018799,
        "nauc_map_at_5_std": -0.031029,
        "nauc_map_at_5_diff1": 0.121309,
        "nauc_map_at_10_max": 0.03366,
        "nauc_map_at_10_std": -0.019469,
        "nauc_map_at_10_diff1": 0.124443,
        "nauc_map_at_20_max": 0.032111,
        "nauc_map_at_20_std": -0.018449,
        "nauc_map_at_20_diff1": 0.124049,
        "nauc_map_at_100_max": 0.030414,
        "nauc_map_at_100_std": -0.018033,
        "nauc_map_at_100_diff1": 0.125231,
        "nauc_map_at_1000_max": 0.030024,
        "nauc_map_at_1000_std": -0.018456,
        "nauc_map_at_1000_diff1": 0.125224,
        "nauc_recall_at_1_max": -0.023649,
        "nauc_recall_at_1_std": -0.055888,
        "nauc_recall_at_1_diff1": 0.18203,
        "nauc_recall_at_3_max": 0.066479,
        "nauc_recall_at_3_std": -0.000763,
        "nauc_recall_at_3_diff1": 0.073595,
        "nauc_recall_at_5_max": 0.058366,
        "nauc_recall_at_5_std": -0.007903,
        "nauc_recall_at_5_diff1": 0.056912,
        "nauc_recall_at_10_max": 0.205149,
        "nauc_recall_at_10_std": 0.100926,
        "nauc_recall_at_10_diff1": 0.063774,
        "nauc_recall_at_20_max": 0.273976,
        "nauc_recall_at_20_std": 0.193323,
        "nauc_recall_at_20_diff1": 0.026931,
        "nauc_recall_at_100_max": 0.37941,
        "nauc_recall_at_100_std": 0.539851,
        "nauc_recall_at_100_diff1": 0.084594,
        "nauc_recall_at_1000_max": 0.126746,
        "nauc_recall_at_1000_std": 0.656392,
        "nauc_recall_at_1000_diff1": -0.072685,
        "nauc_precision_at_1_max": -0.023649,
        "nauc_precision_at_1_std": -0.055888,
        "nauc_precision_at_1_diff1": 0.18203,
        "nauc_precision_at_3_max": 0.066479,
        "nauc_precision_at_3_std": -0.000763,
        "nauc_precision_at_3_diff1": 0.073595,
        "nauc_precision_at_5_max": 0.058366,
        "nauc_precision_at_5_std": -0.007903,
        "nauc_precision_at_5_diff1": 0.056912,
        "nauc_precision_at_10_max": 0.205149,
        "nauc_precision_at_10_std": 0.100926,
        "nauc_precision_at_10_diff1": 0.063774,
        "nauc_precision_at_20_max": 0.273976,
        "nauc_precision_at_20_std": 0.193323,
        "nauc_precision_at_20_diff1": 0.026931,
        "nauc_precision_at_100_max": 0.37941,
        "nauc_precision_at_100_std": 0.539851,
        "nauc_precision_at_100_diff1": 0.084594,
        "nauc_precision_at_1000_max": 0.126746,
        "nauc_precision_at_1000_std": 0.656392,
        "nauc_precision_at_1000_diff1": -0.072685,
        "nauc_mrr_at_1_max": -0.023651,
        "nauc_mrr_at_1_std": -0.054522,
        "nauc_mrr_at_1_diff1": 0.169778,
        "nauc_mrr_at_3_max": 0.015561,
        "nauc_mrr_at_3_std": -0.028771,
        "nauc_mrr_at_3_diff1": 0.112243,
        "nauc_mrr_at_5_max": 0.012875,
        "nauc_mrr_at_5_std": -0.031071,
        "nauc_mrr_at_5_diff1": 0.109461,
        "nauc_mrr_at_10_max": 0.028098,
        "nauc_mrr_at_10_std": -0.019861,
        "nauc_mrr_at_10_diff1": 0.112621,
        "nauc_mrr_at_20_max": 0.027279,
        "nauc_mrr_at_20_std": -0.018772,
        "nauc_mrr_at_20_diff1": 0.112834,
        "nauc_mrr_at_100_max": 0.025789,
        "nauc_mrr_at_100_std": -0.018258,
        "nauc_mrr_at_100_diff1": 0.114031,
        "nauc_mrr_at_1000_max": 0.025396,
        "nauc_mrr_at_1000_std": -0.018679,
        "nauc_mrr_at_1000_diff1": 0.114014,
        "main_score": 0.41047,
        "hf_subset": "default",
        "languages": [
          "eng-Latn"
        ]
      }
    ]
  },
  "evaluation_time": 33.95013236999512,
  "kg_co2_emissions": null
}