{
  "dataset_revision": "ec0fa4fe99da2ff19ca1214b7966684033a58814",
  "task_name": "NFCorpus",
  "mteb_version": "1.38.30",
  "scores": {
    "test": [
      {
        "ndcg_at_1": 0.32508,
        "ndcg_at_3": 0.30087,
        "ndcg_at_5": 0.28541,
        "ndcg_at_10": 0.26024,
        "ndcg_at_20": 0.23344,
        "ndcg_at_100": 0.22933,
        "ndcg_at_1000": 0.31454,
        "map_at_1": 0.03568,
        "map_at_3": 0.06238,
        "map_at_5": 0.07308,
        "map_at_10": 0.08587,
        "map_at_20": 0.09313,
        "map_at_100": 0.10497,
        "map_at_1000": 0.1153,
        "recall_at_1": 0.03568,
        "recall_at_3": 0.07429,
        "recall_at_5": 0.09294,
        "recall_at_10": 0.11929,
        "recall_at_20": 0.14078,
        "recall_at_100": 0.23363,
        "recall_at_1000": 0.54454,
        "precision_at_1": 0.33437,
        "precision_at_3": 0.28586,
        "precision_at_5": 0.25263,
        "precision_at_10": 0.19876,
        "precision_at_20": 0.13901,
        "precision_at_100": 0.0596,
        "precision_at_1000": 0.01798,
        "mrr_at_1": 0.334365,
        "mrr_at_3": 0.405573,
        "mrr_at_5": 0.421362,
        "mrr_at_10": 0.430316,
        "mrr_at_20": 0.433777,
        "mrr_at_100": 0.436798,
        "mrr_at_1000": 0.437479,
        "nauc_ndcg_at_1_max": 0.556472,
        "nauc_ndcg_at_1_std": 0.236006,
        "nauc_ndcg_at_1_diff1": 0.423147,
        "nauc_ndcg_at_3_max": 0.538233,
        "nauc_ndcg_at_3_std": 0.293407,
        "nauc_ndcg_at_3_diff1": 0.278846,
        "nauc_ndcg_at_5_max": 0.545926,
        "nauc_ndcg_at_5_std": 0.342724,
        "nauc_ndcg_at_5_diff1": 0.233399,
        "nauc_ndcg_at_10_max": 0.527642,
        "nauc_ndcg_at_10_std": 0.36932,
        "nauc_ndcg_at_10_diff1": 0.212605,
        "nauc_ndcg_at_20_max": 0.513951,
        "nauc_ndcg_at_20_std": 0.365668,
        "nauc_ndcg_at_20_diff1": 0.200789,
        "nauc_ndcg_at_100_max": 0.51357,
        "nauc_ndcg_at_100_std": 0.352346,
        "nauc_ndcg_at_100_diff1": 0.21847,
        "nauc_ndcg_at_1000_max": 0.54692,
        "nauc_ndcg_at_1000_std": 0.385423,
        "nauc_ndcg_at_1000_diff1": 0.235809,
        "nauc_map_at_1_max": 0.378913,
        "nauc_map_at_1_std": 0.015932,
        "nauc_map_at_1_diff1": 0.466055,
        "nauc_map_at_3_max": 0.365496,
        "nauc_map_at_3_std": 0.0517,
        "nauc_map_at_3_diff1": 0.340478,
        "nauc_map_at_5_max": 0.393221,
        "nauc_map_at_5_std": 0.103489,
        "nauc_map_at_5_diff1": 0.294063,
        "nauc_map_at_10_max": 0.417931,
        "nauc_map_at_10_std": 0.162192,
        "nauc_map_at_10_diff1": 0.242016,
        "nauc_map_at_20_max": 0.429461,
        "nauc_map_at_20_std": 0.19687,
        "nauc_map_at_20_diff1": 0.215039,
        "nauc_map_at_100_max": 0.446625,
        "nauc_map_at_100_std": 0.248228,
        "nauc_map_at_100_diff1": 0.201657,
        "nauc_map_at_1000_max": 0.454665,
        "nauc_map_at_1000_std": 0.276413,
        "nauc_map_at_1000_diff1": 0.195521,
        "nauc_recall_at_1_max": 0.378913,
        "nauc_recall_at_1_std": 0.015932,
        "nauc_recall_at_1_diff1": 0.466055,
        "nauc_recall_at_3_max": 0.31359,
        "nauc_recall_at_3_std": 0.036338,
        "nauc_recall_at_3_diff1": 0.288688,
        "nauc_recall_at_5_max": 0.32356,
        "nauc_recall_at_5_std": 0.102491,
        "nauc_recall_at_5_diff1": 0.22356,
        "nauc_recall_at_10_max": 0.325604,
        "nauc_recall_at_10_std": 0.150816,
        "nauc_recall_at_10_diff1": 0.164719,
        "nauc_recall_at_20_max": 0.326611,
        "nauc_recall_at_20_std": 0.192569,
        "nauc_recall_at_20_diff1": 0.119687,
        "nauc_recall_at_100_max": 0.289361,
        "nauc_recall_at_100_std": 0.236181,
        "nauc_recall_at_100_diff1": 0.068552,
        "nauc_recall_at_1000_max": 0.187355,
        "nauc_recall_at_1000_std": 0.188634,
        "nauc_recall_at_1000_diff1": 0.011625,
        "nauc_precision_at_1_max": 0.564288,
        "nauc_precision_at_1_std": 0.254375,
        "nauc_precision_at_1_diff1": 0.406562,
        "nauc_precision_at_3_max": 0.518889,
        "nauc_precision_at_3_std": 0.340176,
        "nauc_precision_at_3_diff1": 0.188236,
        "nauc_precision_at_5_max": 0.507678,
        "nauc_precision_at_5_std": 0.412755,
        "nauc_precision_at_5_diff1": 0.100269,
        "nauc_precision_at_10_max": 0.460983,
        "nauc_precision_at_10_std": 0.452592,
        "nauc_precision_at_10_diff1": 0.045035,
        "nauc_precision_at_20_max": 0.419296,
        "nauc_precision_at_20_std": 0.489729,
        "nauc_precision_at_20_diff1": -0.01158,
        "nauc_precision_at_100_max": 0.303829,
        "nauc_precision_at_100_std": 0.493567,
        "nauc_precision_at_100_diff1": -0.022953,
        "nauc_precision_at_1000_max": 0.194689,
        "nauc_precision_at_1000_std": 0.39179,
        "nauc_precision_at_1000_diff1": -0.036037,
        "nauc_mrr_at_1_max": 0.564288,
        "nauc_mrr_at_1_std": 0.254375,
        "nauc_mrr_at_1_diff1": 0.406562,
        "nauc_mrr_at_3_max": 0.558011,
        "nauc_mrr_at_3_std": 0.282175,
        "nauc_mrr_at_3_diff1": 0.375138,
        "nauc_mrr_at_5_max": 0.556401,
        "nauc_mrr_at_5_std": 0.300052,
        "nauc_mrr_at_5_diff1": 0.363273,
        "nauc_mrr_at_10_max": 0.55649,
        "nauc_mrr_at_10_std": 0.299065,
        "nauc_mrr_at_10_diff1": 0.369251,
        "nauc_mrr_at_20_max": 0.557285,
        "nauc_mrr_at_20_std": 0.298411,
        "nauc_mrr_at_20_diff1": 0.367934,
        "nauc_mrr_at_100_max": 0.558826,
        "nauc_mrr_at_100_std": 0.300464,
        "nauc_mrr_at_100_diff1": 0.367997,
        "nauc_mrr_at_1000_max": 0.558743,
        "nauc_mrr_at_1000_std": 0.300165,
        "nauc_mrr_at_1000_diff1": 0.367998,
        "main_score": 0.26024,
        "hf_subset": "default",
        "languages": [
          "eng-Latn"
        ]
      }
    ]
  },
  "evaluation_time": 21.054579734802246,
  "kg_co2_emissions": null
}