{
  "dataset_revision": "f8c2fcf00f625baaa80f62ec5bd9e1fff3b8ae88",
  "task_name": "SCIDOCS",
  "mteb_version": "1.38.30",
  "scores": {
    "test": [
      {
        "ndcg_at_1": 0.151,
        "ndcg_at_3": 0.12035,
        "ndcg_at_5": 0.10484,
        "ndcg_at_10": 0.12606,
        "ndcg_at_20": 0.14265,
        "ndcg_at_100": 0.17599,
        "ndcg_at_1000": 0.22007,
        "map_at_1": 0.0306,
        "map_at_3": 0.05241,
        "map_at_5": 0.06213,
        "map_at_10": 0.07215,
        "map_at_20": 0.07737,
        "map_at_100": 0.08291,
        "map_at_1000": 0.08493,
        "recall_at_1": 0.0306,
        "recall_at_3": 0.06805,
        "recall_at_5": 0.09293,
        "recall_at_10": 0.13185,
        "recall_at_20": 0.17083,
        "recall_at_100": 0.27897,
        "recall_at_1000": 0.49535,
        "precision_at_1": 0.151,
        "precision_at_3": 0.112,
        "precision_at_5": 0.0916,
        "precision_at_10": 0.065,
        "precision_at_20": 0.0421,
        "precision_at_100": 0.01375,
        "precision_at_1000": 0.00244,
        "mrr_at_1": 0.151,
        "mrr_at_3": 0.203167,
        "mrr_at_5": 0.216767,
        "mrr_at_10": 0.227865,
        "mrr_at_20": 0.233571,
        "mrr_at_100": 0.238145,
        "mrr_at_1000": 0.239093,
        "nauc_ndcg_at_1_max": 0.276931,
        "nauc_ndcg_at_1_std": 0.064495,
        "nauc_ndcg_at_1_diff1": 0.331854,
        "nauc_ndcg_at_3_max": 0.327819,
        "nauc_ndcg_at_3_std": 0.10859,
        "nauc_ndcg_at_3_diff1": 0.305364,
        "nauc_ndcg_at_5_max": 0.335467,
        "nauc_ndcg_at_5_std": 0.135492,
        "nauc_ndcg_at_5_diff1": 0.293529,
        "nauc_ndcg_at_10_max": 0.334916,
        "nauc_ndcg_at_10_std": 0.148922,
        "nauc_ndcg_at_10_diff1": 0.270555,
        "nauc_ndcg_at_20_max": 0.34382,
        "nauc_ndcg_at_20_std": 0.179075,
        "nauc_ndcg_at_20_diff1": 0.257987,
        "nauc_ndcg_at_100_max": 0.349343,
        "nauc_ndcg_at_100_std": 0.216135,
        "nauc_ndcg_at_100_diff1": 0.25577,
        "nauc_ndcg_at_1000_max": 0.359665,
        "nauc_ndcg_at_1000_std": 0.236968,
        "nauc_ndcg_at_1000_diff1": 0.264798,
        "nauc_map_at_1_max": 0.278058,
        "nauc_map_at_1_std": 0.061374,
        "nauc_map_at_1_diff1": 0.334642,
        "nauc_map_at_3_max": 0.346682,
        "nauc_map_at_3_std": 0.108911,
        "nauc_map_at_3_diff1": 0.322685,
        "nauc_map_at_5_max": 0.359917,
        "nauc_map_at_5_std": 0.139701,
        "nauc_map_at_5_diff1": 0.313096,
        "nauc_map_at_10_max": 0.353518,
        "nauc_map_at_10_std": 0.140919,
        "nauc_map_at_10_diff1": 0.294679,
        "nauc_map_at_20_max": 0.361119,
        "nauc_map_at_20_std": 0.157591,
        "nauc_map_at_20_diff1": 0.289233,
        "nauc_map_at_100_max": 0.363234,
        "nauc_map_at_100_std": 0.17197,
        "nauc_map_at_100_diff1": 0.288654,
        "nauc_map_at_1000_max": 0.36492,
        "nauc_map_at_1000_std": 0.175639,
        "nauc_map_at_1000_diff1": 0.289916,
        "nauc_recall_at_1_max": 0.278058,
        "nauc_recall_at_1_std": 0.061374,
        "nauc_recall_at_1_diff1": 0.334642,
        "nauc_recall_at_3_max": 0.345753,
        "nauc_recall_at_3_std": 0.12518,
        "nauc_recall_at_3_diff1": 0.296765,
        "nauc_recall_at_5_max": 0.340234,
        "nauc_recall_at_5_std": 0.162483,
        "nauc_recall_at_5_diff1": 0.264854,
        "nauc_recall_at_10_max": 0.331423,
        "nauc_recall_at_10_std": 0.179264,
        "nauc_recall_at_10_diff1": 0.222803,
        "nauc_recall_at_20_max": 0.331557,
        "nauc_recall_at_20_std": 0.230648,
        "nauc_recall_at_20_diff1": 0.18737,
        "nauc_recall_at_100_max": 0.320026,
        "nauc_recall_at_100_std": 0.296199,
        "nauc_recall_at_100_diff1": 0.170505,
        "nauc_recall_at_1000_max": 0.311036,
        "nauc_recall_at_1000_std": 0.32704,
        "nauc_recall_at_1000_diff1": 0.170752,
        "nauc_precision_at_1_max": 0.276931,
        "nauc_precision_at_1_std": 0.064495,
        "nauc_precision_at_1_diff1": 0.331854,
        "nauc_precision_at_3_max": 0.346299,
        "nauc_precision_at_3_std": 0.127984,
        "nauc_precision_at_3_diff1": 0.293546,
        "nauc_precision_at_5_max": 0.343548,
        "nauc_precision_at_5_std": 0.167413,
        "nauc_precision_at_5_diff1": 0.263582,
        "nauc_precision_at_10_max": 0.334358,
        "nauc_precision_at_10_std": 0.183612,
        "nauc_precision_at_10_diff1": 0.22251,
        "nauc_precision_at_20_max": 0.335114,
        "nauc_precision_at_20_std": 0.233632,
        "nauc_precision_at_20_diff1": 0.188245,
        "nauc_precision_at_100_max": 0.323363,
        "nauc_precision_at_100_std": 0.299226,
        "nauc_precision_at_100_diff1": 0.172242,
        "nauc_precision_at_1000_max": 0.313687,
        "nauc_precision_at_1000_std": 0.327514,
        "nauc_precision_at_1000_diff1": 0.173574,
        "nauc_mrr_at_1_max": 0.276931,
        "nauc_mrr_at_1_std": 0.064495,
        "nauc_mrr_at_1_diff1": 0.331854,
        "nauc_mrr_at_3_max": 0.289157,
        "nauc_mrr_at_3_std": 0.085853,
        "nauc_mrr_at_3_diff1": 0.302936,
        "nauc_mrr_at_5_max": 0.292356,
        "nauc_mrr_at_5_std": 0.095666,
        "nauc_mrr_at_5_diff1": 0.297288,
        "nauc_mrr_at_10_max": 0.2967,
        "nauc_mrr_at_10_std": 0.10755,
        "nauc_mrr_at_10_diff1": 0.287971,
        "nauc_mrr_at_20_max": 0.29563,
        "nauc_mrr_at_20_std": 0.111053,
        "nauc_mrr_at_20_diff1": 0.285643,
        "nauc_mrr_at_100_max": 0.294863,
        "nauc_mrr_at_100_std": 0.111234,
        "nauc_mrr_at_100_diff1": 0.28638,
        "nauc_mrr_at_1000_max": 0.294868,
        "nauc_mrr_at_1000_std": 0.110755,
        "nauc_mrr_at_1000_diff1": 0.28658,
        "main_score": 0.12606,
        "hf_subset": "default",
        "languages": [
          "eng-Latn"
        ]
      }
    ]
  },
  "evaluation_time": 100.17912745475769,
  "kg_co2_emissions": null
}