{
  "dataset_revision": "0228b52cf27578f30900b9e5271d331663a030d7",
  "task_name": "SciFact",
  "mteb_version": "1.38.30",
  "scores": {
    "test": [
      {
        "ndcg_at_1": 0.41333,
        "ndcg_at_3": 0.47668,
        "ndcg_at_5": 0.50547,
        "ndcg_at_10": 0.53111,
        "ndcg_at_20": 0.54269,
        "ndcg_at_100": 0.5666,
        "ndcg_at_1000": 0.58129,
        "map_at_1": 0.39022,
        "map_at_3": 0.45061,
        "map_at_5": 0.46932,
        "map_at_10": 0.48114,
        "map_at_20": 0.48445,
        "map_at_100": 0.48829,
        "map_at_1000": 0.48889,
        "recall_at_1": 0.39022,
        "recall_at_3": 0.52283,
        "recall_at_5": 0.59333,
        "recall_at_10": 0.669,
        "recall_at_20": 0.71411,
        "recall_at_100": 0.83589,
        "recall_at_1000": 0.95,
        "precision_at_1": 0.41333,
        "precision_at_3": 0.18889,
        "precision_at_5": 0.13133,
        "precision_at_10": 0.07567,
        "precision_at_20": 0.04033,
        "precision_at_100": 0.00947,
        "precision_at_1000": 0.00108,
        "mrr_at_1": 0.413333,
        "mrr_at_3": 0.473333,
        "mrr_at_5": 0.489,
        "mrr_at_10": 0.49738,
        "mrr_at_20": 0.500359,
        "mrr_at_100": 0.503693,
        "mrr_at_1000": 0.504121,
        "nauc_ndcg_at_1_max": 0.480542,
        "nauc_ndcg_at_1_std": 0.013652,
        "nauc_ndcg_at_1_diff1": 0.727038,
        "nauc_ndcg_at_3_max": 0.482752,
        "nauc_ndcg_at_3_std": 0.023584,
        "nauc_ndcg_at_3_diff1": 0.656094,
        "nauc_ndcg_at_5_max": 0.494937,
        "nauc_ndcg_at_5_std": 0.072494,
        "nauc_ndcg_at_5_diff1": 0.636268,
        "nauc_ndcg_at_10_max": 0.502974,
        "nauc_ndcg_at_10_std": 0.10651,
        "nauc_ndcg_at_10_diff1": 0.628688,
        "nauc_ndcg_at_20_max": 0.498728,
        "nauc_ndcg_at_20_std": 0.109373,
        "nauc_ndcg_at_20_diff1": 0.629184,
        "nauc_ndcg_at_100_max": 0.497548,
        "nauc_ndcg_at_100_std": 0.109006,
        "nauc_ndcg_at_100_diff1": 0.633703,
        "nauc_ndcg_at_1000_max": 0.503711,
        "nauc_ndcg_at_1000_std": 0.099032,
        "nauc_ndcg_at_1000_diff1": 0.644711,
        "nauc_map_at_1_max": 0.451185,
        "nauc_map_at_1_std": -0.0382,
        "nauc_map_at_1_diff1": 0.700974,
        "nauc_map_at_3_max": 0.467841,
        "nauc_map_at_3_std": -0.005797,
        "nauc_map_at_3_diff1": 0.664907,
        "nauc_map_at_5_max": 0.482023,
        "nauc_map_at_5_std": 0.026995,
        "nauc_map_at_5_diff1": 0.655309,
        "nauc_map_at_10_max": 0.486053,
        "nauc_map_at_10_std": 0.042982,
        "nauc_map_at_10_diff1": 0.653693,
        "nauc_map_at_20_max": 0.48517,
        "nauc_map_at_20_std": 0.044359,
        "nauc_map_at_20_diff1": 0.654081,
        "nauc_map_at_100_max": 0.485202,
        "nauc_map_at_100_std": 0.045491,
        "nauc_map_at_100_diff1": 0.655415,
        "nauc_map_at_1000_max": 0.485492,
        "nauc_map_at_1000_std": 0.045356,
        "nauc_map_at_1000_diff1": 0.655751,
        "nauc_recall_at_1_max": 0.451185,
        "nauc_recall_at_1_std": -0.0382,
        "nauc_recall_at_1_diff1": 0.700974,
        "nauc_recall_at_3_max": 0.468613,
        "nauc_recall_at_3_std": 0.039243,
        "nauc_recall_at_3_diff1": 0.595967,
        "nauc_recall_at_5_max": 0.500445,
        "nauc_recall_at_5_std": 0.170673,
        "nauc_recall_at_5_diff1": 0.542703,
        "nauc_recall_at_10_max": 0.53117,
        "nauc_recall_at_10_std": 0.293833,
        "nauc_recall_at_10_diff1": 0.50176,
        "nauc_recall_at_20_max": 0.509365,
        "nauc_recall_at_20_std": 0.320371,
        "nauc_recall_at_20_diff1": 0.486888,
        "nauc_recall_at_100_max": 0.501968,
        "nauc_recall_at_100_std": 0.409555,
        "nauc_recall_at_100_diff1": 0.446091,
        "nauc_recall_at_1000_max": 0.783598,
        "nauc_recall_at_1000_std": 0.54071,
        "nauc_recall_at_1000_diff1": 0.61385,
        "nauc_precision_at_1_max": 0.480542,
        "nauc_precision_at_1_std": 0.013652,
        "nauc_precision_at_1_diff1": 0.727038,
        "nauc_precision_at_3_max": 0.508843,
        "nauc_precision_at_3_std": 0.115499,
        "nauc_precision_at_3_diff1": 0.604348,
        "nauc_precision_at_5_max": 0.537582,
        "nauc_precision_at_5_std": 0.272939,
        "nauc_precision_at_5_diff1": 0.492743,
        "nauc_precision_at_10_max": 0.491128,
        "nauc_precision_at_10_std": 0.378823,
        "nauc_precision_at_10_diff1": 0.378965,
        "nauc_precision_at_20_max": 0.460645,
        "nauc_precision_at_20_std": 0.414147,
        "nauc_precision_at_20_diff1": 0.345461,
        "nauc_precision_at_100_max": 0.408385,
        "nauc_precision_at_100_std": 0.510138,
        "nauc_precision_at_100_diff1": 0.246758,
        "nauc_precision_at_1000_max": 0.3666,
        "nauc_precision_at_1000_std": 0.49966,
        "nauc_precision_at_1000_diff1": 0.128295,
        "nauc_mrr_at_1_max": 0.480542,
        "nauc_mrr_at_1_std": 0.013652,
        "nauc_mrr_at_1_diff1": 0.727038,
        "nauc_mrr_at_3_max": 0.49831,
        "nauc_mrr_at_3_std": 0.046197,
        "nauc_mrr_at_3_diff1": 0.685327,
        "nauc_mrr_at_5_max": 0.499419,
        "nauc_mrr_at_5_std": 0.072809,
        "nauc_mrr_at_5_diff1": 0.674028,
        "nauc_mrr_at_10_max": 0.501664,
        "nauc_mrr_at_10_std": 0.082088,
        "nauc_mrr_at_10_diff1": 0.669847,
        "nauc_mrr_at_20_max": 0.500506,
        "nauc_mrr_at_20_std": 0.081987,
        "nauc_mrr_at_20_diff1": 0.670406,
        "nauc_mrr_at_100_max": 0.499937,
        "nauc_mrr_at_100_std": 0.080806,
        "nauc_mrr_at_100_diff1": 0.671097,
        "nauc_mrr_at_1000_max": 0.499981,
        "nauc_mrr_at_1000_std": 0.08036,
        "nauc_mrr_at_1000_diff1": 0.671441,
        "main_score": 0.53111,
        "hf_subset": "default",
        "languages": [
          "eng-Latn"
        ]
      }
    ]
  },
  "evaluation_time": 27.949504375457764,
  "kg_co2_emissions": null
}