{
  "dataset_revision": "c22ab2a51041ffd869aaddef7af8d8215647e41a",
  "task_name": "ArguAna",
  "mteb_version": "1.38.30",
  "scores": {
    "test": [
      {
        "ndcg_at_1": 0.23613,
        "ndcg_at_3": 0.36543,
        "ndcg_at_5": 0.40677,
        "ndcg_at_10": 0.46218,
        "ndcg_at_20": 0.49749,
        "ndcg_at_100": 0.51582,
        "ndcg_at_1000": 0.51988,
        "map_at_1": 0.23613,
        "map_at_3": 0.33345,
        "map_at_5": 0.35625,
        "map_at_10": 0.37896,
        "map_at_20": 0.38907,
        "map_at_100": 0.39179,
        "map_at_1000": 0.39194,
        "recall_at_1": 0.23613,
        "recall_at_3": 0.45804,
        "recall_at_5": 0.55903,
        "recall_at_10": 0.73115,
        "recall_at_20": 0.86771,
        "recall_at_100": 0.96373,
        "recall_at_1000": 0.99573,
        "precision_at_1": 0.23613,
        "precision_at_3": 0.15268,
        "precision_at_5": 0.11181,
        "precision_at_10": 0.07312,
        "precision_at_20": 0.04339,
        "precision_at_100": 0.00964,
        "precision_at_1000": 0.001,
        "mrr_at_1": 0.238976,
        "mrr_at_3": 0.3344,
        "mrr_at_5": 0.357658,
        "mrr_at_10": 0.380115,
        "mrr_at_20": 0.390321,
        "mrr_at_100": 0.393074,
        "mrr_at_1000": 0.393223,
        "nauc_ndcg_at_1_max": -0.076154,
        "nauc_ndcg_at_1_std": -0.071098,
        "nauc_ndcg_at_1_diff1": 0.16384,
        "nauc_ndcg_at_3_max": 6.6e-05,
        "nauc_ndcg_at_3_std": -0.00805,
        "nauc_ndcg_at_3_diff1": 0.129495,
        "nauc_ndcg_at_5_max": -0.006157,
        "nauc_ndcg_at_5_std": -0.015824,
        "nauc_ndcg_at_5_diff1": 0.114141,
        "nauc_ndcg_at_10_max": 0.01014,
        "nauc_ndcg_at_10_std": -0.016259,
        "nauc_ndcg_at_10_diff1": 0.118616,
        "nauc_ndcg_at_20_max": 0.012338,
        "nauc_ndcg_at_20_std": -0.009881,
        "nauc_ndcg_at_20_diff1": 0.12342,
        "nauc_ndcg_at_100_max": 0.00374,
        "nauc_ndcg_at_100_std": -0.001308,
        "nauc_ndcg_at_100_diff1": 0.126729,
        "nauc_ndcg_at_1000_max": -0.003915,
        "nauc_ndcg_at_1000_std": -0.011389,
        "nauc_ndcg_at_1000_diff1": 0.126568,
        "nauc_map_at_1_max": -0.076154,
        "nauc_map_at_1_std": -0.071098,
        "nauc_map_at_1_diff1": 0.16384,
        "nauc_map_at_3_max": -0.016944,
        "nauc_map_at_3_std": -0.020369,
        "nauc_map_at_3_diff1": 0.136205,
        "nauc_map_at_5_max": -0.020407,
        "nauc_map_at_5_std": -0.024864,
        "nauc_map_at_5_diff1": 0.128084,
        "nauc_map_at_10_max": -0.015294,
        "nauc_map_at_10_std": -0.025189,
        "nauc_map_at_10_diff1": 0.129777,
        "nauc_map_at_20_max": -0.015394,
        "nauc_map_at_20_std": -0.023952,
        "nauc_map_at_20_diff1": 0.131021,
        "nauc_map_at_100_max": -0.016585,
        "nauc_map_at_100_std": -0.022693,
        "nauc_map_at_100_diff1": 0.131374,
        "nauc_map_at_1000_max": -0.016839,
        "nauc_map_at_1000_std": -0.022988,
        "nauc_map_at_1000_diff1": 0.131381,
        "nauc_recall_at_1_max": -0.076154,
        "nauc_recall_at_1_std": -0.071098,
        "nauc_recall_at_1_diff1": 0.16384,
        "nauc_recall_at_3_max": 0.046025,
        "nauc_recall_at_3_std": 0.024551,
        "nauc_recall_at_3_diff1": 0.111736,
        "nauc_recall_at_5_max": 0.033394,
        "nauc_recall_at_5_std": 0.008134,
        "nauc_recall_at_5_diff1": 0.071861,
        "nauc_recall_at_10_max": 0.117719,
        "nauc_recall_at_10_std": 0.014521,
        "nauc_recall_at_10_diff1": 0.076946,
        "nauc_recall_at_20_max": 0.22663,
        "nauc_recall_at_20_std": 0.095405,
        "nauc_recall_at_20_diff1": 0.085419,
        "nauc_recall_at_100_max": 0.437316,
        "nauc_recall_at_100_std": 0.640426,
        "nauc_recall_at_100_diff1": 0.118363,
        "nauc_recall_at_1000_max": 0.230442,
        "nauc_recall_at_1000_std": 0.750612,
        "nauc_recall_at_1000_diff1": -0.061237,
        "nauc_precision_at_1_max": -0.076154,
        "nauc_precision_at_1_std": -0.071098,
        "nauc_precision_at_1_diff1": 0.16384,
        "nauc_precision_at_3_max": 0.046025,
        "nauc_precision_at_3_std": 0.024551,
        "nauc_precision_at_3_diff1": 0.111736,
        "nauc_precision_at_5_max": 0.033394,
        "nauc_precision_at_5_std": 0.008134,
        "nauc_precision_at_5_diff1": 0.071861,
        "nauc_precision_at_10_max": 0.117719,
        "nauc_precision_at_10_std": 0.014521,
        "nauc_precision_at_10_diff1": 0.076946,
        "nauc_precision_at_20_max": 0.22663,
        "nauc_precision_at_20_std": 0.095405,
        "nauc_precision_at_20_diff1": 0.085419,
        "nauc_precision_at_100_max": 0.437316,
        "nauc_precision_at_100_std": 0.640426,
        "nauc_precision_at_100_diff1": 0.118363,
        "nauc_precision_at_1000_max": 0.230442,
        "nauc_precision_at_1000_std": 0.750612,
        "nauc_precision_at_1000_diff1": -0.061237,
        "nauc_mrr_at_1_max": -0.072203,
        "nauc_mrr_at_1_std": -0.064997,
        "nauc_mrr_at_1_diff1": 0.153852,
        "nauc_mrr_at_3_max": -0.020869,
        "nauc_mrr_at_3_std": -0.019259,
        "nauc_mrr_at_3_diff1": 0.125407,
        "nauc_mrr_at_5_max": -0.021618,
        "nauc_mrr_at_5_std": -0.022437,
        "nauc_mrr_at_5_diff1": 0.119261,
        "nauc_mrr_at_10_max": -0.017554,
        "nauc_mrr_at_10_std": -0.023406,
        "nauc_mrr_at_10_diff1": 0.119892,
        "nauc_mrr_at_20_max": -0.017228,
        "nauc_mrr_at_20_std": -0.02219,
        "nauc_mrr_at_20_diff1": 0.121371,
        "nauc_mrr_at_100_max": -0.018262,
        "nauc_mrr_at_100_std": -0.020906,
        "nauc_mrr_at_100_diff1": 0.121827,
        "nauc_mrr_at_1000_max": -0.018517,
        "nauc_mrr_at_1000_std": -0.0212,
        "nauc_mrr_at_1000_diff1": 0.121829,
        "main_score": 0.46218,
        "hf_subset": "default",
        "languages": [
          "eng-Latn"
        ]
      }
    ]
  },
  "evaluation_time": 56.8372015953064,
  "kg_co2_emissions": null
}