{
  "dataset_revision": "ec0fa4fe99da2ff19ca1214b7966684033a58814",
  "task_name": "NFCorpus",
  "mteb_version": "1.38.30",
  "scores": {
    "test": [
      {
        "ndcg_at_1": 0.35294,
        "ndcg_at_3": 0.32329,
        "ndcg_at_5": 0.29709,
        "ndcg_at_10": 0.26969,
        "ndcg_at_20": 0.24853,
        "ndcg_at_100": 0.24491,
        "ndcg_at_1000": 0.3369,
        "map_at_1": 0.04668,
        "map_at_3": 0.07429,
        "map_at_5": 0.08467,
        "map_at_10": 0.09758,
        "map_at_20": 0.10589,
        "map_at_100": 0.11774,
        "map_at_1000": 0.12911,
        "recall_at_1": 0.04668,
        "recall_at_3": 0.08483,
        "recall_at_5": 0.10151,
        "recall_at_10": 0.12867,
        "recall_at_20": 0.1569,
        "recall_at_100": 0.25026,
        "recall_at_1000": 0.57354,
        "precision_at_1": 0.36842,
        "precision_at_3": 0.30444,
        "precision_at_5": 0.25325,
        "precision_at_10": 0.19474,
        "precision_at_20": 0.14102,
        "precision_at_100": 0.0595,
        "precision_at_1000": 0.01861,
        "mrr_at_1": 0.368421,
        "mrr_at_3": 0.437564,
        "mrr_at_5": 0.448555,
        "mrr_at_10": 0.457664,
        "mrr_at_20": 0.462422,
        "mrr_at_100": 0.464728,
        "mrr_at_1000": 0.465298,
        "nauc_ndcg_at_1_max": 0.469005,
        "nauc_ndcg_at_1_std": 0.205354,
        "nauc_ndcg_at_1_diff1": 0.398206,
        "nauc_ndcg_at_3_max": 0.485728,
        "nauc_ndcg_at_3_std": 0.272297,
        "nauc_ndcg_at_3_diff1": 0.320593,
        "nauc_ndcg_at_5_max": 0.494079,
        "nauc_ndcg_at_5_std": 0.292219,
        "nauc_ndcg_at_5_diff1": 0.323491,
        "nauc_ndcg_at_10_max": 0.478541,
        "nauc_ndcg_at_10_std": 0.307433,
        "nauc_ndcg_at_10_diff1": 0.298559,
        "nauc_ndcg_at_20_max": 0.454315,
        "nauc_ndcg_at_20_std": 0.297104,
        "nauc_ndcg_at_20_diff1": 0.291986,
        "nauc_ndcg_at_100_max": 0.49435,
        "nauc_ndcg_at_100_std": 0.284933,
        "nauc_ndcg_at_100_diff1": 0.331037,
        "nauc_ndcg_at_1000_max": 0.534762,
        "nauc_ndcg_at_1000_std": 0.313538,
        "nauc_ndcg_at_1000_diff1": 0.332495,
        "nauc_map_at_1_max": 0.288247,
        "nauc_map_at_1_std": -0.06937,
        "nauc_map_at_1_diff1": 0.420004,
        "nauc_map_at_3_max": 0.333222,
        "nauc_map_at_3_std": -0.002665,
        "nauc_map_at_3_diff1": 0.37912,
        "nauc_map_at_5_max": 0.379582,
        "nauc_map_at_5_std": 0.036165,
        "nauc_map_at_5_diff1": 0.386212,
        "nauc_map_at_10_max": 0.413184,
        "nauc_map_at_10_std": 0.091969,
        "nauc_map_at_10_diff1": 0.360036,
        "nauc_map_at_20_max": 0.426087,
        "nauc_map_at_20_std": 0.132357,
        "nauc_map_at_20_diff1": 0.346508,
        "nauc_map_at_100_max": 0.435384,
        "nauc_map_at_100_std": 0.172858,
        "nauc_map_at_100_diff1": 0.334525,
        "nauc_map_at_1000_max": 0.437542,
        "nauc_map_at_1000_std": 0.194777,
        "nauc_map_at_1000_diff1": 0.32806,
        "nauc_recall_at_1_max": 0.288247,
        "nauc_recall_at_1_std": -0.06937,
        "nauc_recall_at_1_diff1": 0.420004,
        "nauc_recall_at_3_max": 0.312511,
        "nauc_recall_at_3_std": -0.008826,
        "nauc_recall_at_3_diff1": 0.357837,
        "nauc_recall_at_5_max": 0.362881,
        "nauc_recall_at_5_std": 0.036596,
        "nauc_recall_at_5_diff1": 0.370563,
        "nauc_recall_at_10_max": 0.366525,
        "nauc_recall_at_10_std": 0.076401,
        "nauc_recall_at_10_diff1": 0.325138,
        "nauc_recall_at_20_max": 0.359367,
        "nauc_recall_at_20_std": 0.125998,
        "nauc_recall_at_20_diff1": 0.307597,
        "nauc_recall_at_100_max": 0.341133,
        "nauc_recall_at_100_std": 0.200992,
        "nauc_recall_at_100_diff1": 0.230253,
        "nauc_recall_at_1000_max": 0.255618,
        "nauc_recall_at_1000_std": 0.180798,
        "nauc_recall_at_1000_diff1": 0.127559,
        "nauc_precision_at_1_max": 0.4816,
        "nauc_precision_at_1_std": 0.219038,
        "nauc_precision_at_1_diff1": 0.383455,
        "nauc_precision_at_3_max": 0.485753,
        "nauc_precision_at_3_std": 0.323488,
        "nauc_precision_at_3_diff1": 0.244562,
        "nauc_precision_at_5_max": 0.486194,
        "nauc_precision_at_5_std": 0.373611,
        "nauc_precision_at_5_diff1": 0.222619,
        "nauc_precision_at_10_max": 0.437388,
        "nauc_precision_at_10_std": 0.433834,
        "nauc_precision_at_10_diff1": 0.136212,
        "nauc_precision_at_20_max": 0.338135,
        "nauc_precision_at_20_std": 0.453631,
        "nauc_precision_at_20_diff1": 0.057488,
        "nauc_precision_at_100_max": 0.209303,
        "nauc_precision_at_100_std": 0.424973,
        "nauc_precision_at_100_diff1": -0.001987,
        "nauc_precision_at_1000_max": 0.034522,
        "nauc_precision_at_1000_std": 0.267122,
        "nauc_precision_at_1000_diff1": -0.054595,
        "nauc_mrr_at_1_max": 0.4816,
        "nauc_mrr_at_1_std": 0.219038,
        "nauc_mrr_at_1_diff1": 0.383455,
        "nauc_mrr_at_3_max": 0.518033,
        "nauc_mrr_at_3_std": 0.260635,
        "nauc_mrr_at_3_diff1": 0.364543,
        "nauc_mrr_at_5_max": 0.516585,
        "nauc_mrr_at_5_std": 0.267021,
        "nauc_mrr_at_5_diff1": 0.361277,
        "nauc_mrr_at_10_max": 0.517406,
        "nauc_mrr_at_10_std": 0.267366,
        "nauc_mrr_at_10_diff1": 0.353039,
        "nauc_mrr_at_20_max": 0.517842,
        "nauc_mrr_at_20_std": 0.269954,
        "nauc_mrr_at_20_diff1": 0.354202,
        "nauc_mrr_at_100_max": 0.518616,
        "nauc_mrr_at_100_std": 0.270705,
        "nauc_mrr_at_100_diff1": 0.35439,
        "nauc_mrr_at_1000_max": 0.518494,
        "nauc_mrr_at_1000_std": 0.27053,
        "nauc_mrr_at_1000_diff1": 0.354426,
        "main_score": 0.26969,
        "hf_subset": "default",
        "languages": [
          "eng-Latn"
        ]
      }
    ]
  },
  "evaluation_time": 38.71845483779907,
  "kg_co2_emissions": null
}