{
  "dataset_revision": "f8c2fcf00f625baaa80f62ec5bd9e1fff3b8ae88",
  "task_name": "SCIDOCS",
  "mteb_version": "1.38.30",
  "scores": {
    "test": [
      {
        "ndcg_at_1": 0.166,
        "ndcg_at_3": 0.13226,
        "ndcg_at_5": 0.11176,
        "ndcg_at_10": 0.13665,
        "ndcg_at_20": 0.15535,
        "ndcg_at_100": 0.19075,
        "ndcg_at_1000": 0.23676,
        "map_at_1": 0.03355,
        "map_at_3": 0.05718,
        "map_at_5": 0.06617,
        "map_at_10": 0.07672,
        "map_at_20": 0.08307,
        "map_at_100": 0.0891,
        "map_at_1000": 0.09121,
        "recall_at_1": 0.03355,
        "recall_at_3": 0.07405,
        "recall_at_5": 0.09655,
        "recall_at_10": 0.14212,
        "recall_at_20": 0.18605,
        "recall_at_100": 0.30185,
        "recall_at_1000": 0.52928,
        "precision_at_1": 0.166,
        "precision_at_3": 0.122,
        "precision_at_5": 0.0952,
        "precision_at_10": 0.07,
        "precision_at_20": 0.0458,
        "precision_at_100": 0.01486,
        "precision_at_1000": 0.0026,
        "mrr_at_1": 0.166,
        "mrr_at_3": 0.226,
        "mrr_at_5": 0.2376,
        "mrr_at_10": 0.251716,
        "mrr_at_20": 0.257527,
        "mrr_at_100": 0.261872,
        "mrr_at_1000": 0.262713,
        "nauc_ndcg_at_1_max": 0.215201,
        "nauc_ndcg_at_1_std": 0.099083,
        "nauc_ndcg_at_1_diff1": 0.289092,
        "nauc_ndcg_at_3_max": 0.278375,
        "nauc_ndcg_at_3_std": 0.165196,
        "nauc_ndcg_at_3_diff1": 0.229714,
        "nauc_ndcg_at_5_max": 0.279208,
        "nauc_ndcg_at_5_std": 0.183586,
        "nauc_ndcg_at_5_diff1": 0.206699,
        "nauc_ndcg_at_10_max": 0.282818,
        "nauc_ndcg_at_10_std": 0.218511,
        "nauc_ndcg_at_10_diff1": 0.187881,
        "nauc_ndcg_at_20_max": 0.278202,
        "nauc_ndcg_at_20_std": 0.245574,
        "nauc_ndcg_at_20_diff1": 0.169424,
        "nauc_ndcg_at_100_max": 0.292985,
        "nauc_ndcg_at_100_std": 0.298879,
        "nauc_ndcg_at_100_diff1": 0.169409,
        "nauc_ndcg_at_1000_max": 0.300462,
        "nauc_ndcg_at_1000_std": 0.320182,
        "nauc_ndcg_at_1000_diff1": 0.174069,
        "nauc_map_at_1_max": 0.215034,
        "nauc_map_at_1_std": 0.101555,
        "nauc_map_at_1_diff1": 0.288831,
        "nauc_map_at_3_max": 0.28549,
        "nauc_map_at_3_std": 0.162511,
        "nauc_map_at_3_diff1": 0.234727,
        "nauc_map_at_5_max": 0.289971,
        "nauc_map_at_5_std": 0.175746,
        "nauc_map_at_5_diff1": 0.218061,
        "nauc_map_at_10_max": 0.293327,
        "nauc_map_at_10_std": 0.200653,
        "nauc_map_at_10_diff1": 0.206476,
        "nauc_map_at_20_max": 0.294624,
        "nauc_map_at_20_std": 0.221285,
        "nauc_map_at_20_diff1": 0.194534,
        "nauc_map_at_100_max": 0.298536,
        "nauc_map_at_100_std": 0.242631,
        "nauc_map_at_100_diff1": 0.191107,
        "nauc_map_at_1000_max": 0.299431,
        "nauc_map_at_1000_std": 0.246558,
        "nauc_map_at_1000_diff1": 0.191885,
        "nauc_recall_at_1_max": 0.215034,
        "nauc_recall_at_1_std": 0.101555,
        "nauc_recall_at_1_diff1": 0.288831,
        "nauc_recall_at_3_max": 0.297798,
        "nauc_recall_at_3_std": 0.191959,
        "nauc_recall_at_3_diff1": 0.200464,
        "nauc_recall_at_5_max": 0.290067,
        "nauc_recall_at_5_std": 0.213802,
        "nauc_recall_at_5_diff1": 0.158976,
        "nauc_recall_at_10_max": 0.281481,
        "nauc_recall_at_10_std": 0.264577,
        "nauc_recall_at_10_diff1": 0.124641,
        "nauc_recall_at_20_max": 0.255385,
        "nauc_recall_at_20_std": 0.303116,
        "nauc_recall_at_20_diff1": 0.085831,
        "nauc_recall_at_100_max": 0.270625,
        "nauc_recall_at_100_std": 0.398233,
        "nauc_recall_at_100_diff1": 0.090815,
        "nauc_recall_at_1000_max": 0.257886,
        "nauc_recall_at_1000_std": 0.422128,
        "nauc_recall_at_1000_diff1": 0.083138,
        "nauc_precision_at_1_max": 0.215201,
        "nauc_precision_at_1_std": 0.099083,
        "nauc_precision_at_1_diff1": 0.289092,
        "nauc_precision_at_3_max": 0.301438,
        "nauc_precision_at_3_std": 0.192523,
        "nauc_precision_at_3_diff1": 0.201838,
        "nauc_precision_at_5_max": 0.295363,
        "nauc_precision_at_5_std": 0.21539,
        "nauc_precision_at_5_diff1": 0.16205,
        "nauc_precision_at_10_max": 0.288844,
        "nauc_precision_at_10_std": 0.266276,
        "nauc_precision_at_10_diff1": 0.128048,
        "nauc_precision_at_20_max": 0.26159,
        "nauc_precision_at_20_std": 0.302534,
        "nauc_precision_at_20_diff1": 0.088522,
        "nauc_precision_at_100_max": 0.275266,
        "nauc_precision_at_100_std": 0.394989,
        "nauc_precision_at_100_diff1": 0.095071,
        "nauc_precision_at_1000_max": 0.261353,
        "nauc_precision_at_1000_std": 0.412014,
        "nauc_precision_at_1000_diff1": 0.088651,
        "nauc_mrr_at_1_max": 0.215201,
        "nauc_mrr_at_1_std": 0.099083,
        "nauc_mrr_at_1_diff1": 0.289092,
        "nauc_mrr_at_3_max": 0.245153,
        "nauc_mrr_at_3_std": 0.142625,
        "nauc_mrr_at_3_diff1": 0.248362,
        "nauc_mrr_at_5_max": 0.249051,
        "nauc_mrr_at_5_std": 0.154921,
        "nauc_mrr_at_5_diff1": 0.238056,
        "nauc_mrr_at_10_max": 0.246295,
        "nauc_mrr_at_10_std": 0.158496,
        "nauc_mrr_at_10_diff1": 0.229772,
        "nauc_mrr_at_20_max": 0.244305,
        "nauc_mrr_at_20_std": 0.158473,
        "nauc_mrr_at_20_diff1": 0.228387,
        "nauc_mrr_at_100_max": 0.246498,
        "nauc_mrr_at_100_std": 0.160794,
        "nauc_mrr_at_100_diff1": 0.230033,
        "nauc_mrr_at_1000_max": 0.246365,
        "nauc_mrr_at_1000_std": 0.160433,
        "nauc_mrr_at_1000_diff1": 0.230019,
        "main_score": 0.13665,
        "hf_subset": "default",
        "languages": [
          "eng-Latn"
        ]
      }
    ]
  },
  "evaluation_time": 223.55668354034424,
  "kg_co2_emissions": null
}