{
  "dataset_revision": "0228b52cf27578f30900b9e5271d331663a030d7",
  "task_name": "SciFact",
  "mteb_version": "1.38.30",
  "scores": {
    "test": [
      {
        "ndcg_at_1": 0.49333,
        "ndcg_at_3": 0.55527,
        "ndcg_at_5": 0.57802,
        "ndcg_at_10": 0.5995,
        "ndcg_at_20": 0.61216,
        "ndcg_at_100": 0.63412,
        "ndcg_at_1000": 0.64554,
        "map_at_1": 0.46678,
        "map_at_3": 0.52867,
        "map_at_5": 0.54329,
        "map_at_10": 0.55339,
        "map_at_20": 0.55791,
        "map_at_100": 0.56115,
        "map_at_1000": 0.56154,
        "recall_at_1": 0.46678,
        "recall_at_3": 0.60144,
        "recall_at_5": 0.65961,
        "recall_at_10": 0.72122,
        "recall_at_20": 0.76644,
        "recall_at_100": 0.88267,
        "recall_at_1000": 0.97433,
        "precision_at_1": 0.49333,
        "precision_at_3": 0.21889,
        "precision_at_5": 0.146,
        "precision_at_10": 0.081,
        "precision_at_20": 0.04367,
        "precision_at_100": 0.01007,
        "precision_at_1000": 0.0011,
        "mrr_at_1": 0.493333,
        "mrr_at_3": 0.552222,
        "mrr_at_5": 0.564056,
        "mrr_at_10": 0.572037,
        "mrr_at_20": 0.574856,
        "mrr_at_100": 0.577508,
        "mrr_at_1000": 0.577886,
        "nauc_ndcg_at_1_max": 0.448191,
        "nauc_ndcg_at_1_std": 0.140746,
        "nauc_ndcg_at_1_diff1": 0.666132,
        "nauc_ndcg_at_3_max": 0.493133,
        "nauc_ndcg_at_3_std": 0.130803,
        "nauc_ndcg_at_3_diff1": 0.650672,
        "nauc_ndcg_at_5_max": 0.508497,
        "nauc_ndcg_at_5_std": 0.139991,
        "nauc_ndcg_at_5_diff1": 0.646853,
        "nauc_ndcg_at_10_max": 0.513171,
        "nauc_ndcg_at_10_std": 0.133251,
        "nauc_ndcg_at_10_diff1": 0.654688,
        "nauc_ndcg_at_20_max": 0.511139,
        "nauc_ndcg_at_20_std": 0.144516,
        "nauc_ndcg_at_20_diff1": 0.645212,
        "nauc_ndcg_at_100_max": 0.505922,
        "nauc_ndcg_at_100_std": 0.154997,
        "nauc_ndcg_at_100_diff1": 0.639736,
        "nauc_ndcg_at_1000_max": 0.503933,
        "nauc_ndcg_at_1000_std": 0.152755,
        "nauc_ndcg_at_1000_diff1": 0.645473,
        "nauc_map_at_1_max": 0.441133,
        "nauc_map_at_1_std": 0.071303,
        "nauc_map_at_1_diff1": 0.663477,
        "nauc_map_at_3_max": 0.4749,
        "nauc_map_at_3_std": 0.105597,
        "nauc_map_at_3_diff1": 0.651016,
        "nauc_map_at_5_max": 0.487911,
        "nauc_map_at_5_std": 0.116415,
        "nauc_map_at_5_diff1": 0.650349,
        "nauc_map_at_10_max": 0.492669,
        "nauc_map_at_10_std": 0.116395,
        "nauc_map_at_10_diff1": 0.654238,
        "nauc_map_at_20_max": 0.491309,
        "nauc_map_at_20_std": 0.122233,
        "nauc_map_at_20_diff1": 0.651518,
        "nauc_map_at_100_max": 0.49111,
        "nauc_map_at_100_std": 0.124542,
        "nauc_map_at_100_diff1": 0.650849,
        "nauc_map_at_1000_max": 0.491092,
        "nauc_map_at_1000_std": 0.124538,
        "nauc_map_at_1000_diff1": 0.651216,
        "nauc_recall_at_1_max": 0.441133,
        "nauc_recall_at_1_std": 0.071303,
        "nauc_recall_at_1_diff1": 0.663477,
        "nauc_recall_at_3_max": 0.50376,
        "nauc_recall_at_3_std": 0.120733,
        "nauc_recall_at_3_diff1": 0.630402,
        "nauc_recall_at_5_max": 0.545469,
        "nauc_recall_at_5_std": 0.154545,
        "nauc_recall_at_5_diff1": 0.615609,
        "nauc_recall_at_10_max": 0.553004,
        "nauc_recall_at_10_std": 0.120379,
        "nauc_recall_at_10_diff1": 0.632791,
        "nauc_recall_at_20_max": 0.565735,
        "nauc_recall_at_20_std": 0.164463,
        "nauc_recall_at_20_diff1": 0.595647,
        "nauc_recall_at_100_max": 0.544858,
        "nauc_recall_at_100_std": 0.280889,
        "nauc_recall_at_100_diff1": 0.510017,
        "nauc_recall_at_1000_max": 0.4688,
        "nauc_recall_at_1000_std": 0.450611,
        "nauc_recall_at_1000_diff1": 0.412947,
        "nauc_precision_at_1_max": 0.448191,
        "nauc_precision_at_1_std": 0.140746,
        "nauc_precision_at_1_diff1": 0.666132,
        "nauc_precision_at_3_max": 0.518857,
        "nauc_precision_at_3_std": 0.264189,
        "nauc_precision_at_3_diff1": 0.571859,
        "nauc_precision_at_5_max": 0.535125,
        "nauc_precision_at_5_std": 0.313097,
        "nauc_precision_at_5_diff1": 0.490476,
        "nauc_precision_at_10_max": 0.503295,
        "nauc_precision_at_10_std": 0.30873,
        "nauc_precision_at_10_diff1": 0.435648,
        "nauc_precision_at_20_max": 0.422425,
        "nauc_precision_at_20_std": 0.352564,
        "nauc_precision_at_20_diff1": 0.327065,
        "nauc_precision_at_100_max": 0.32585,
        "nauc_precision_at_100_std": 0.423145,
        "nauc_precision_at_100_diff1": 0.141204,
        "nauc_precision_at_1000_max": 0.218839,
        "nauc_precision_at_1000_std": 0.480048,
        "nauc_precision_at_1000_diff1": -0.018058,
        "nauc_mrr_at_1_max": 0.448191,
        "nauc_mrr_at_1_std": 0.140746,
        "nauc_mrr_at_1_diff1": 0.666132,
        "nauc_mrr_at_3_max": 0.491157,
        "nauc_mrr_at_3_std": 0.157631,
        "nauc_mrr_at_3_diff1": 0.655609,
        "nauc_mrr_at_5_max": 0.493949,
        "nauc_mrr_at_5_std": 0.162469,
        "nauc_mrr_at_5_diff1": 0.651598,
        "nauc_mrr_at_10_max": 0.492893,
        "nauc_mrr_at_10_std": 0.156345,
        "nauc_mrr_at_10_diff1": 0.652926,
        "nauc_mrr_at_20_max": 0.49267,
        "nauc_mrr_at_20_std": 0.15689,
        "nauc_mrr_at_20_diff1": 0.650553,
        "nauc_mrr_at_100_max": 0.491282,
        "nauc_mrr_at_100_std": 0.158355,
        "nauc_mrr_at_100_diff1": 0.650142,
        "nauc_mrr_at_1000_max": 0.491277,
        "nauc_mrr_at_1000_std": 0.158397,
        "nauc_mrr_at_1000_diff1": 0.650518,
        "main_score": 0.5995,
        "hf_subset": "default",
        "languages": [
          "eng-Latn"
        ]
      }
    ]
  },
  "evaluation_time": 50.834824085235596,
  "kg_co2_emissions": null
}