{
  "dataset_revision": "c22ab2a51041ffd869aaddef7af8d8215647e41a",
  "task_name": "ArguAna",
  "mteb_version": "1.38.30",
  "scores": {
    "test": [
      {
        "ndcg_at_1": 0.23471,
        "ndcg_at_3": 0.35961,
        "ndcg_at_5": 0.40265,
        "ndcg_at_10": 0.45896,
        "ndcg_at_20": 0.49149,
        "ndcg_at_100": 0.5121,
        "ndcg_at_1000": 0.51585,
        "map_at_1": 0.23471,
        "map_at_3": 0.32859,
        "map_at_5": 0.35245,
        "map_at_10": 0.37541,
        "map_at_20": 0.38461,
        "map_at_100": 0.38766,
        "map_at_1000": 0.38782,
        "recall_at_1": 0.23471,
        "recall_at_3": 0.4495,
        "recall_at_5": 0.55405,
        "recall_at_10": 0.72973,
        "recall_at_20": 0.85633,
        "recall_at_100": 0.96444,
        "recall_at_1000": 0.99289,
        "precision_at_1": 0.23471,
        "precision_at_3": 0.14983,
        "precision_at_5": 0.11081,
        "precision_at_10": 0.07297,
        "precision_at_20": 0.04282,
        "precision_at_100": 0.00964,
        "precision_at_1000": 0.00099,
        "mrr_at_1": 0.240398,
        "mrr_at_3": 0.330725,
        "mrr_at_5": 0.354267,
        "mrr_at_10": 0.377281,
        "mrr_at_20": 0.386551,
        "mrr_at_100": 0.389603,
        "mrr_at_1000": 0.389764,
        "nauc_ndcg_at_1_max": -0.031915,
        "nauc_ndcg_at_1_std": -0.047601,
        "nauc_ndcg_at_1_diff1": 0.17264,
        "nauc_ndcg_at_3_max": 0.008508,
        "nauc_ndcg_at_3_std": -0.024211,
        "nauc_ndcg_at_3_diff1": 0.135505,
        "nauc_ndcg_at_5_max": 0.013056,
        "nauc_ndcg_at_5_std": -0.010146,
        "nauc_ndcg_at_5_diff1": 0.116421,
        "nauc_ndcg_at_10_max": 0.034909,
        "nauc_ndcg_at_10_std": -0.00156,
        "nauc_ndcg_at_10_diff1": 0.122196,
        "nauc_ndcg_at_20_max": 0.038119,
        "nauc_ndcg_at_20_std": -0.002276,
        "nauc_ndcg_at_20_diff1": 0.120001,
        "nauc_ndcg_at_100_max": 0.027994,
        "nauc_ndcg_at_100_std": 0.000762,
        "nauc_ndcg_at_100_diff1": 0.13028,
        "nauc_ndcg_at_1000_max": 0.021366,
        "nauc_ndcg_at_1000_std": -0.006178,
        "nauc_ndcg_at_1000_diff1": 0.129112,
        "nauc_map_at_1_max": -0.031915,
        "nauc_map_at_1_std": -0.047601,
        "nauc_map_at_1_diff1": 0.17264,
        "nauc_map_at_3_max": 0.000632,
        "nauc_map_at_3_std": -0.0294,
        "nauc_map_at_3_diff1": 0.143229,
        "nauc_map_at_5_max": 0.003289,
        "nauc_map_at_5_std": -0.021314,
        "nauc_map_at_5_diff1": 0.132491,
        "nauc_map_at_10_max": 0.010194,
        "nauc_map_at_10_std": -0.018712,
        "nauc_map_at_10_diff1": 0.133956,
        "nauc_map_at_20_max": 0.010722,
        "nauc_map_at_20_std": -0.019244,
        "nauc_map_at_20_diff1": 0.133342,
        "nauc_map_at_100_max": 0.009424,
        "nauc_map_at_100_std": -0.018564,
        "nauc_map_at_100_diff1": 0.134632,
        "nauc_map_at_1000_max": 0.00919,
        "nauc_map_at_1000_std": -0.018754,
        "nauc_map_at_1000_diff1": 0.134588,
        "nauc_recall_at_1_max": -0.031915,
        "nauc_recall_at_1_std": -0.047601,
        "nauc_recall_at_1_diff1": 0.17264,
        "nauc_recall_at_3_max": 0.029269,
        "nauc_recall_at_3_std": -0.010254,
        "nauc_recall_at_3_diff1": 0.114927,
        "nauc_recall_at_5_max": 0.040791,
        "nauc_recall_at_5_std": 0.023369,
        "nauc_recall_at_5_diff1": 0.068269,
        "nauc_recall_at_10_max": 0.145938,
        "nauc_recall_at_10_std": 0.072664,
        "nauc_recall_at_10_diff1": 0.081843,
        "nauc_recall_at_20_max": 0.246072,
        "nauc_recall_at_20_std": 0.120186,
        "nauc_recall_at_20_diff1": 0.04134,
        "nauc_recall_at_100_max": 0.439101,
        "nauc_recall_at_100_std": 0.532295,
        "nauc_recall_at_100_diff1": 0.209433,
        "nauc_recall_at_1000_max": 0.288917,
        "nauc_recall_at_1000_std": 0.68019,
        "nauc_recall_at_1000_diff1": 0.219725,
        "nauc_precision_at_1_max": -0.031915,
        "nauc_precision_at_1_std": -0.047601,
        "nauc_precision_at_1_diff1": 0.17264,
        "nauc_precision_at_3_max": 0.029269,
        "nauc_precision_at_3_std": -0.010254,
        "nauc_precision_at_3_diff1": 0.114927,
        "nauc_precision_at_5_max": 0.040791,
        "nauc_precision_at_5_std": 0.023369,
        "nauc_precision_at_5_diff1": 0.068269,
        "nauc_precision_at_10_max": 0.145938,
        "nauc_precision_at_10_std": 0.072664,
        "nauc_precision_at_10_diff1": 0.081843,
        "nauc_precision_at_20_max": 0.246072,
        "nauc_precision_at_20_std": 0.120186,
        "nauc_precision_at_20_diff1": 0.04134,
        "nauc_precision_at_100_max": 0.439101,
        "nauc_precision_at_100_std": 0.532295,
        "nauc_precision_at_100_diff1": 0.209433,
        "nauc_precision_at_1000_max": 0.288917,
        "nauc_precision_at_1000_std": 0.68019,
        "nauc_precision_at_1000_diff1": 0.219725,
        "nauc_mrr_at_1_max": -0.020726,
        "nauc_mrr_at_1_std": -0.03572,
        "nauc_mrr_at_1_diff1": 0.152625,
        "nauc_mrr_at_3_max": 0.000148,
        "nauc_mrr_at_3_std": -0.026187,
        "nauc_mrr_at_3_diff1": 0.12856,
        "nauc_mrr_at_5_max": 0.002333,
        "nauc_mrr_at_5_std": -0.018117,
        "nauc_mrr_at_5_diff1": 0.117085,
        "nauc_mrr_at_10_max": 0.009316,
        "nauc_mrr_at_10_std": -0.015706,
        "nauc_mrr_at_10_diff1": 0.118058,
        "nauc_mrr_at_20_max": 0.010108,
        "nauc_mrr_at_20_std": -0.015812,
        "nauc_mrr_at_20_diff1": 0.117365,
        "nauc_mrr_at_100_max": 0.008799,
        "nauc_mrr_at_100_std": -0.015104,
        "nauc_mrr_at_100_diff1": 0.118494,
        "nauc_mrr_at_1000_max": 0.008566,
        "nauc_mrr_at_1000_std": -0.015291,
        "nauc_mrr_at_1000_diff1": 0.118442,
        "main_score": 0.45896,
        "hf_subset": "default",
        "languages": [
          "eng-Latn"
        ]
      }
    ]
  },
  "evaluation_time": 56.124422788619995,
  "kg_co2_emissions": null
}