{
  "dataset_revision": "ec0fa4fe99da2ff19ca1214b7966684033a58814",
  "task_name": "NFCorpus",
  "mteb_version": "1.38.30",
  "scores": {
    "test": [
      {
        "ndcg_at_1": 0.36687,
        "ndcg_at_3": 0.32343,
        "ndcg_at_5": 0.30164,
        "ndcg_at_10": 0.2726,
        "ndcg_at_20": 0.24747,
        "ndcg_at_100": 0.24363,
        "ndcg_at_1000": 0.33616,
        "map_at_1": 0.04591,
        "map_at_3": 0.07251,
        "map_at_5": 0.08348,
        "map_at_10": 0.09697,
        "map_at_20": 0.10462,
        "map_at_100": 0.11651,
        "map_at_1000": 0.12786,
        "recall_at_1": 0.04591,
        "recall_at_3": 0.08206,
        "recall_at_5": 0.10209,
        "recall_at_10": 0.13287,
        "recall_at_20": 0.15456,
        "recall_at_100": 0.24383,
        "recall_at_1000": 0.56911,
        "precision_at_1": 0.3839,
        "precision_at_3": 0.30237,
        "precision_at_5": 0.25882,
        "precision_at_10": 0.19536,
        "precision_at_20": 0.1387,
        "precision_at_100": 0.05941,
        "precision_at_1000": 0.01851,
        "mrr_at_1": 0.386997,
        "mrr_at_3": 0.44324,
        "mrr_at_5": 0.460268,
        "mrr_at_10": 0.46804,
        "mrr_at_20": 0.470492,
        "mrr_at_100": 0.473856,
        "mrr_at_1000": 0.474442,
        "nauc_ndcg_at_1_max": 0.473074,
        "nauc_ndcg_at_1_std": 0.256073,
        "nauc_ndcg_at_1_diff1": 0.395419,
        "nauc_ndcg_at_3_max": 0.513451,
        "nauc_ndcg_at_3_std": 0.319464,
        "nauc_ndcg_at_3_diff1": 0.336669,
        "nauc_ndcg_at_5_max": 0.508536,
        "nauc_ndcg_at_5_std": 0.320206,
        "nauc_ndcg_at_5_diff1": 0.320298,
        "nauc_ndcg_at_10_max": 0.493249,
        "nauc_ndcg_at_10_std": 0.32628,
        "nauc_ndcg_at_10_diff1": 0.302358,
        "nauc_ndcg_at_20_max": 0.476851,
        "nauc_ndcg_at_20_std": 0.31882,
        "nauc_ndcg_at_20_diff1": 0.304192,
        "nauc_ndcg_at_100_max": 0.501663,
        "nauc_ndcg_at_100_std": 0.300509,
        "nauc_ndcg_at_100_diff1": 0.339382,
        "nauc_ndcg_at_1000_max": 0.550816,
        "nauc_ndcg_at_1000_std": 0.334758,
        "nauc_ndcg_at_1000_diff1": 0.334461,
        "nauc_map_at_1_max": 0.287569,
        "nauc_map_at_1_std": -0.065514,
        "nauc_map_at_1_diff1": 0.513465,
        "nauc_map_at_3_max": 0.348388,
        "nauc_map_at_3_std": 0.015925,
        "nauc_map_at_3_diff1": 0.447469,
        "nauc_map_at_5_max": 0.386196,
        "nauc_map_at_5_std": 0.047667,
        "nauc_map_at_5_diff1": 0.426341,
        "nauc_map_at_10_max": 0.41969,
        "nauc_map_at_10_std": 0.099881,
        "nauc_map_at_10_diff1": 0.394666,
        "nauc_map_at_20_max": 0.435902,
        "nauc_map_at_20_std": 0.140283,
        "nauc_map_at_20_diff1": 0.379243,
        "nauc_map_at_100_max": 0.449471,
        "nauc_map_at_100_std": 0.189231,
        "nauc_map_at_100_diff1": 0.360863,
        "nauc_map_at_1000_max": 0.455729,
        "nauc_map_at_1000_std": 0.214535,
        "nauc_map_at_1000_diff1": 0.354876,
        "nauc_recall_at_1_max": 0.287569,
        "nauc_recall_at_1_std": -0.065514,
        "nauc_recall_at_1_diff1": 0.513465,
        "nauc_recall_at_3_max": 0.335054,
        "nauc_recall_at_3_std": 0.016636,
        "nauc_recall_at_3_diff1": 0.422965,
        "nauc_recall_at_5_max": 0.355975,
        "nauc_recall_at_5_std": 0.028813,
        "nauc_recall_at_5_diff1": 0.37318,
        "nauc_recall_at_10_max": 0.351255,
        "nauc_recall_at_10_std": 0.046304,
        "nauc_recall_at_10_diff1": 0.332421,
        "nauc_recall_at_20_max": 0.359664,
        "nauc_recall_at_20_std": 0.108333,
        "nauc_recall_at_20_diff1": 0.306081,
        "nauc_recall_at_100_max": 0.344247,
        "nauc_recall_at_100_std": 0.203824,
        "nauc_recall_at_100_diff1": 0.230006,
        "nauc_recall_at_1000_max": 0.274051,
        "nauc_recall_at_1000_std": 0.185897,
        "nauc_recall_at_1000_diff1": 0.128014,
        "nauc_precision_at_1_max": 0.473379,
        "nauc_precision_at_1_std": 0.25549,
        "nauc_precision_at_1_diff1": 0.372222,
        "nauc_precision_at_3_max": 0.521366,
        "nauc_precision_at_3_std": 0.371852,
        "nauc_precision_at_3_diff1": 0.252462,
        "nauc_precision_at_5_max": 0.498466,
        "nauc_precision_at_5_std": 0.397751,
        "nauc_precision_at_5_diff1": 0.19265,
        "nauc_precision_at_10_max": 0.456878,
        "nauc_precision_at_10_std": 0.456564,
        "nauc_precision_at_10_diff1": 0.110379,
        "nauc_precision_at_20_max": 0.377066,
        "nauc_precision_at_20_std": 0.481134,
        "nauc_precision_at_20_diff1": 0.056631,
        "nauc_precision_at_100_max": 0.235092,
        "nauc_precision_at_100_std": 0.454828,
        "nauc_precision_at_100_diff1": -0.016684,
        "nauc_precision_at_1000_max": 0.07703,
        "nauc_precision_at_1000_std": 0.295685,
        "nauc_precision_at_1000_diff1": -0.045383,
        "nauc_mrr_at_1_max": 0.469606,
        "nauc_mrr_at_1_std": 0.252039,
        "nauc_mrr_at_1_diff1": 0.363091,
        "nauc_mrr_at_3_max": 0.501647,
        "nauc_mrr_at_3_std": 0.292707,
        "nauc_mrr_at_3_diff1": 0.34384,
        "nauc_mrr_at_5_max": 0.509771,
        "nauc_mrr_at_5_std": 0.294211,
        "nauc_mrr_at_5_diff1": 0.343166,
        "nauc_mrr_at_10_max": 0.506389,
        "nauc_mrr_at_10_std": 0.287423,
        "nauc_mrr_at_10_diff1": 0.346355,
        "nauc_mrr_at_20_max": 0.505877,
        "nauc_mrr_at_20_std": 0.288943,
        "nauc_mrr_at_20_diff1": 0.345521,
        "nauc_mrr_at_100_max": 0.506769,
        "nauc_mrr_at_100_std": 0.290746,
        "nauc_mrr_at_100_diff1": 0.344571,
        "nauc_mrr_at_1000_max": 0.506554,
        "nauc_mrr_at_1000_std": 0.290477,
        "nauc_mrr_at_1000_diff1": 0.344574,
        "main_score": 0.2726,
        "hf_subset": "default",
        "languages": [
          "eng-Latn"
        ]
      }
    ]
  },
  "evaluation_time": 38.10847783088684,
  "kg_co2_emissions": null
}