{
  "dataset_revision": "f8c2fcf00f625baaa80f62ec5bd9e1fff3b8ae88",
  "task_name": "SCIDOCS",
  "mteb_version": "1.38.30",
  "scores": {
    "test": [
      {
        "ndcg_at_1": 0.185,
        "ndcg_at_3": 0.14054,
        "ndcg_at_5": 0.11984,
        "ndcg_at_10": 0.14237,
        "ndcg_at_20": 0.15923,
        "ndcg_at_100": 0.19573,
        "ndcg_at_1000": 0.24205,
        "map_at_1": 0.0374,
        "map_at_3": 0.06155,
        "map_at_5": 0.07169,
        "map_at_10": 0.08132,
        "map_at_20": 0.08702,
        "map_at_100": 0.09307,
        "map_at_1000": 0.09519,
        "recall_at_1": 0.0374,
        "recall_at_3": 0.0779,
        "recall_at_5": 0.10305,
        "recall_at_10": 0.14478,
        "recall_at_20": 0.18422,
        "recall_at_100": 0.30395,
        "recall_at_1000": 0.53333,
        "precision_at_1": 0.185,
        "precision_at_3": 0.12767,
        "precision_at_5": 0.1016,
        "precision_at_10": 0.0714,
        "precision_at_20": 0.0454,
        "precision_at_100": 0.01497,
        "precision_at_1000": 0.00262,
        "mrr_at_1": 0.185,
        "mrr_at_3": 0.240667,
        "mrr_at_5": 0.253867,
        "mrr_at_10": 0.265893,
        "mrr_at_20": 0.271122,
        "mrr_at_100": 0.275701,
        "mrr_at_1000": 0.276489,
        "nauc_ndcg_at_1_max": 0.229859,
        "nauc_ndcg_at_1_std": 0.129713,
        "nauc_ndcg_at_1_diff1": 0.218467,
        "nauc_ndcg_at_3_max": 0.285235,
        "nauc_ndcg_at_3_std": 0.191883,
        "nauc_ndcg_at_3_diff1": 0.193659,
        "nauc_ndcg_at_5_max": 0.288345,
        "nauc_ndcg_at_5_std": 0.216334,
        "nauc_ndcg_at_5_diff1": 0.186788,
        "nauc_ndcg_at_10_max": 0.29206,
        "nauc_ndcg_at_10_std": 0.23845,
        "nauc_ndcg_at_10_diff1": 0.165935,
        "nauc_ndcg_at_20_max": 0.302282,
        "nauc_ndcg_at_20_std": 0.265753,
        "nauc_ndcg_at_20_diff1": 0.165987,
        "nauc_ndcg_at_100_max": 0.302485,
        "nauc_ndcg_at_100_std": 0.309963,
        "nauc_ndcg_at_100_diff1": 0.163735,
        "nauc_ndcg_at_1000_max": 0.309627,
        "nauc_ndcg_at_1000_std": 0.326279,
        "nauc_ndcg_at_1000_diff1": 0.17349,
        "nauc_map_at_1_max": 0.22894,
        "nauc_map_at_1_std": 0.131329,
        "nauc_map_at_1_diff1": 0.219289,
        "nauc_map_at_3_max": 0.288474,
        "nauc_map_at_3_std": 0.193906,
        "nauc_map_at_3_diff1": 0.19582,
        "nauc_map_at_5_max": 0.295461,
        "nauc_map_at_5_std": 0.211823,
        "nauc_map_at_5_diff1": 0.191435,
        "nauc_map_at_10_max": 0.296375,
        "nauc_map_at_10_std": 0.226186,
        "nauc_map_at_10_diff1": 0.173369,
        "nauc_map_at_20_max": 0.308254,
        "nauc_map_at_20_std": 0.24698,
        "nauc_map_at_20_diff1": 0.174564,
        "nauc_map_at_100_max": 0.307828,
        "nauc_map_at_100_std": 0.263621,
        "nauc_map_at_100_diff1": 0.171856,
        "nauc_map_at_1000_max": 0.3086,
        "nauc_map_at_1000_std": 0.266997,
        "nauc_map_at_1000_diff1": 0.172715,
        "nauc_recall_at_1_max": 0.22894,
        "nauc_recall_at_1_std": 0.131329,
        "nauc_recall_at_1_diff1": 0.219289,
        "nauc_recall_at_3_max": 0.296835,
        "nauc_recall_at_3_std": 0.212279,
        "nauc_recall_at_3_diff1": 0.172353,
        "nauc_recall_at_5_max": 0.294383,
        "nauc_recall_at_5_std": 0.245287,
        "nauc_recall_at_5_diff1": 0.160968,
        "nauc_recall_at_10_max": 0.285074,
        "nauc_recall_at_10_std": 0.270684,
        "nauc_recall_at_10_diff1": 0.117614,
        "nauc_recall_at_20_max": 0.292968,
        "nauc_recall_at_20_std": 0.314916,
        "nauc_recall_at_20_diff1": 0.116644,
        "nauc_recall_at_100_max": 0.267809,
        "nauc_recall_at_100_std": 0.394132,
        "nauc_recall_at_100_diff1": 0.104009,
        "nauc_recall_at_1000_max": 0.253782,
        "nauc_recall_at_1000_std": 0.401168,
        "nauc_recall_at_1000_diff1": 0.11879,
        "nauc_precision_at_1_max": 0.229859,
        "nauc_precision_at_1_std": 0.129713,
        "nauc_precision_at_1_diff1": 0.218467,
        "nauc_precision_at_3_max": 0.30439,
        "nauc_precision_at_3_std": 0.213225,
        "nauc_precision_at_3_diff1": 0.178618,
        "nauc_precision_at_5_max": 0.299713,
        "nauc_precision_at_5_std": 0.245856,
        "nauc_precision_at_5_diff1": 0.165305,
        "nauc_precision_at_10_max": 0.292371,
        "nauc_precision_at_10_std": 0.27315,
        "nauc_precision_at_10_diff1": 0.122497,
        "nauc_precision_at_20_max": 0.299322,
        "nauc_precision_at_20_std": 0.315156,
        "nauc_precision_at_20_diff1": 0.119828,
        "nauc_precision_at_100_max": 0.272386,
        "nauc_precision_at_100_std": 0.391661,
        "nauc_precision_at_100_diff1": 0.107424,
        "nauc_precision_at_1000_max": 0.257528,
        "nauc_precision_at_1000_std": 0.391367,
        "nauc_precision_at_1000_diff1": 0.12471,
        "nauc_mrr_at_1_max": 0.229859,
        "nauc_mrr_at_1_std": 0.129713,
        "nauc_mrr_at_1_diff1": 0.218467,
        "nauc_mrr_at_3_max": 0.257321,
        "nauc_mrr_at_3_std": 0.166523,
        "nauc_mrr_at_3_diff1": 0.201339,
        "nauc_mrr_at_5_max": 0.26146,
        "nauc_mrr_at_5_std": 0.178296,
        "nauc_mrr_at_5_diff1": 0.198034,
        "nauc_mrr_at_10_max": 0.262057,
        "nauc_mrr_at_10_std": 0.181007,
        "nauc_mrr_at_10_diff1": 0.192839,
        "nauc_mrr_at_20_max": 0.261369,
        "nauc_mrr_at_20_std": 0.181119,
        "nauc_mrr_at_20_diff1": 0.192734,
        "nauc_mrr_at_100_max": 0.261741,
        "nauc_mrr_at_100_std": 0.182238,
        "nauc_mrr_at_100_diff1": 0.194186,
        "nauc_mrr_at_1000_max": 0.261769,
        "nauc_mrr_at_1000_std": 0.181971,
        "nauc_mrr_at_1000_diff1": 0.194213,
        "main_score": 0.14237,
        "hf_subset": "default",
        "languages": [
          "eng-Latn"
        ]
      }
    ]
  },
  "evaluation_time": 221.42744755744934,
  "kg_co2_emissions": null
}