{
  "dataset_revision": "c22ab2a51041ffd869aaddef7af8d8215647e41a",
  "task_name": "ArguAna",
  "mteb_version": "1.38.30",
  "scores": {
    "test": [
      {
        "ndcg_at_1": 0.24822,
        "ndcg_at_3": 0.37912,
        "ndcg_at_5": 0.42628,
        "ndcg_at_10": 0.48347,
        "ndcg_at_20": 0.51561,
        "ndcg_at_100": 0.53081,
        "ndcg_at_1000": 0.53355,
        "map_at_1": 0.24822,
        "map_at_3": 0.34542,
        "map_at_5": 0.37142,
        "map_at_10": 0.39511,
        "map_at_20": 0.40418,
        "map_at_100": 0.4064,
        "map_at_1000": 0.4065,
        "recall_at_1": 0.24822,
        "recall_at_3": 0.47724,
        "recall_at_5": 0.59246,
        "recall_at_10": 0.76885,
        "recall_at_20": 0.89403,
        "recall_at_100": 0.9744,
        "recall_at_1000": 0.99573,
        "precision_at_1": 0.24822,
        "precision_at_3": 0.15908,
        "precision_at_5": 0.11849,
        "precision_at_10": 0.07688,
        "precision_at_20": 0.0447,
        "precision_at_100": 0.00974,
        "precision_at_1000": 0.001,
        "mrr_at_1": 0.251067,
        "mrr_at_3": 0.346491,
        "mrr_at_5": 0.372274,
        "mrr_at_10": 0.396411,
        "mrr_at_20": 0.405408,
        "mrr_at_100": 0.407622,
        "mrr_at_1000": 0.407728,
        "nauc_ndcg_at_1_max": -0.025258,
        "nauc_ndcg_at_1_std": -0.058438,
        "nauc_ndcg_at_1_diff1": 0.145862,
        "nauc_ndcg_at_3_max": 0.013472,
        "nauc_ndcg_at_3_std": -0.033214,
        "nauc_ndcg_at_3_diff1": 0.118971,
        "nauc_ndcg_at_5_max": 0.005115,
        "nauc_ndcg_at_5_std": -0.034228,
        "nauc_ndcg_at_5_diff1": 0.093776,
        "nauc_ndcg_at_10_max": 0.019529,
        "nauc_ndcg_at_10_std": -0.028708,
        "nauc_ndcg_at_10_diff1": 0.099154,
        "nauc_ndcg_at_20_max": 0.02419,
        "nauc_ndcg_at_20_std": -0.025311,
        "nauc_ndcg_at_20_diff1": 0.101505,
        "nauc_ndcg_at_100_max": 0.014585,
        "nauc_ndcg_at_100_std": -0.022527,
        "nauc_ndcg_at_100_diff1": 0.10793,
        "nauc_ndcg_at_1000_max": 0.010521,
        "nauc_ndcg_at_1000_std": -0.028823,
        "nauc_ndcg_at_1000_diff1": 0.108841,
        "nauc_map_at_1_max": -0.025258,
        "nauc_map_at_1_std": -0.058438,
        "nauc_map_at_1_diff1": 0.145862,
        "nauc_map_at_3_max": 0.004157,
        "nauc_map_at_3_std": -0.039374,
        "nauc_map_at_3_diff1": 0.124492,
        "nauc_map_at_5_max": -0.000597,
        "nauc_map_at_5_std": -0.039955,
        "nauc_map_at_5_diff1": 0.110884,
        "nauc_map_at_10_max": 0.004006,
        "nauc_map_at_10_std": -0.038367,
        "nauc_map_at_10_diff1": 0.113113,
        "nauc_map_at_20_max": 0.004569,
        "nauc_map_at_20_std": -0.038372,
        "nauc_map_at_20_diff1": 0.114228,
        "nauc_map_at_100_max": 0.003257,
        "nauc_map_at_100_std": -0.037744,
        "nauc_map_at_100_diff1": 0.115096,
        "nauc_map_at_1000_max": 0.003148,
        "nauc_map_at_1000_std": -0.037904,
        "nauc_map_at_1000_diff1": 0.115138,
        "nauc_recall_at_1_max": -0.025258,
        "nauc_recall_at_1_std": -0.058438,
        "nauc_recall_at_1_diff1": 0.145862,
        "nauc_recall_at_3_max": 0.039217,
        "nauc_recall_at_3_std": -0.016153,
        "nauc_recall_at_3_diff1": 0.104065,
        "nauc_recall_at_5_max": 0.020956,
        "nauc_recall_at_5_std": -0.017301,
        "nauc_recall_at_5_diff1": 0.038927,
        "nauc_recall_at_10_max": 0.096167,
        "nauc_recall_at_10_std": 0.017225,
        "nauc_recall_at_10_diff1": 0.038592,
        "nauc_recall_at_20_max": 0.221743,
        "nauc_recall_at_20_std": 0.108746,
        "nauc_recall_at_20_diff1": -0.002955,
        "nauc_recall_at_100_max": 0.348019,
        "nauc_recall_at_100_std": 0.603097,
        "nauc_recall_at_100_diff1": 0.00047,
        "nauc_recall_at_1000_max": 0.151436,
        "nauc_recall_at_1000_std": 0.761483,
        "nauc_recall_at_1000_diff1": -0.151499,
        "nauc_precision_at_1_max": -0.025258,
        "nauc_precision_at_1_std": -0.058438,
        "nauc_precision_at_1_diff1": 0.145862,
        "nauc_precision_at_3_max": 0.039217,
        "nauc_precision_at_3_std": -0.016153,
        "nauc_precision_at_3_diff1": 0.104065,
        "nauc_precision_at_5_max": 0.020956,
        "nauc_precision_at_5_std": -0.017301,
        "nauc_precision_at_5_diff1": 0.038927,
        "nauc_precision_at_10_max": 0.096167,
        "nauc_precision_at_10_std": 0.017225,
        "nauc_precision_at_10_diff1": 0.038592,
        "nauc_precision_at_20_max": 0.221743,
        "nauc_precision_at_20_std": 0.108746,
        "nauc_precision_at_20_diff1": -0.002955,
        "nauc_precision_at_100_max": 0.348019,
        "nauc_precision_at_100_std": 0.603097,
        "nauc_precision_at_100_diff1": 0.00047,
        "nauc_precision_at_1000_max": 0.151436,
        "nauc_precision_at_1000_std": 0.761483,
        "nauc_precision_at_1000_diff1": -0.151499,
        "nauc_mrr_at_1_max": -0.022719,
        "nauc_mrr_at_1_std": -0.057534,
        "nauc_mrr_at_1_diff1": 0.136178,
        "nauc_mrr_at_3_max": -1e-05,
        "nauc_mrr_at_3_std": -0.039953,
        "nauc_mrr_at_3_diff1": 0.112064,
        "nauc_mrr_at_5_max": -0.00539,
        "nauc_mrr_at_5_std": -0.038896,
        "nauc_mrr_at_5_diff1": 0.099564,
        "nauc_mrr_at_10_max": 0.000551,
        "nauc_mrr_at_10_std": -0.03856,
        "nauc_mrr_at_10_diff1": 0.10236,
        "nauc_mrr_at_20_max": 0.001157,
        "nauc_mrr_at_20_std": -0.038081,
        "nauc_mrr_at_20_diff1": 0.103642,
        "nauc_mrr_at_100_max": -0.000183,
        "nauc_mrr_at_100_std": -0.037453,
        "nauc_mrr_at_100_diff1": 0.104428,
        "nauc_mrr_at_1000_max": -0.000293,
        "nauc_mrr_at_1000_std": -0.037612,
        "nauc_mrr_at_1000_diff1": 0.104466,
        "main_score": 0.48347,
        "hf_subset": "default",
        "languages": [
          "eng-Latn"
        ]
      }
    ]
  },
  "evaluation_time": 142.32190442085266,
  "kg_co2_emissions": null
}