{
  "dataset_revision": "ec0fa4fe99da2ff19ca1214b7966684033a58814",
  "task_name": "NFCorpus",
  "mteb_version": "1.38.30",
  "scores": {
    "test": [
      {
        "ndcg_at_1": 0.36223,
        "ndcg_at_3": 0.33517,
        "ndcg_at_5": 0.31832,
        "ndcg_at_10": 0.29165,
        "ndcg_at_20": 0.26783,
        "ndcg_at_100": 0.26133,
        "ndcg_at_1000": 0.35245,
        "map_at_1": 0.04718,
        "map_at_3": 0.07741,
        "map_at_5": 0.08925,
        "map_at_10": 0.10333,
        "map_at_20": 0.11298,
        "map_at_100": 0.12665,
        "map_at_1000": 0.13933,
        "recall_at_1": 0.04718,
        "recall_at_3": 0.09183,
        "recall_at_5": 0.11239,
        "recall_at_10": 0.14147,
        "recall_at_20": 0.17322,
        "recall_at_100": 0.26669,
        "recall_at_1000": 0.58486,
        "precision_at_1": 0.37461,
        "precision_at_3": 0.31682,
        "precision_at_5": 0.27554,
        "precision_at_10": 0.21641,
        "precision_at_20": 0.15449,
        "precision_at_100": 0.06526,
        "precision_at_1000": 0.01937,
        "mrr_at_1": 0.374613,
        "mrr_at_3": 0.444272,
        "mrr_at_5": 0.458669,
        "mrr_at_10": 0.467339,
        "mrr_at_20": 0.471539,
        "mrr_at_100": 0.473994,
        "mrr_at_1000": 0.474527,
        "nauc_ndcg_at_1_max": 0.503665,
        "nauc_ndcg_at_1_std": 0.234691,
        "nauc_ndcg_at_1_diff1": 0.426188,
        "nauc_ndcg_at_3_max": 0.491038,
        "nauc_ndcg_at_3_std": 0.26292,
        "nauc_ndcg_at_3_diff1": 0.311735,
        "nauc_ndcg_at_5_max": 0.487981,
        "nauc_ndcg_at_5_std": 0.287086,
        "nauc_ndcg_at_5_diff1": 0.278164,
        "nauc_ndcg_at_10_max": 0.461078,
        "nauc_ndcg_at_10_std": 0.293581,
        "nauc_ndcg_at_10_diff1": 0.248728,
        "nauc_ndcg_at_20_max": 0.435725,
        "nauc_ndcg_at_20_std": 0.280534,
        "nauc_ndcg_at_20_diff1": 0.245476,
        "nauc_ndcg_at_100_max": 0.462161,
        "nauc_ndcg_at_100_std": 0.285057,
        "nauc_ndcg_at_100_diff1": 0.293526,
        "nauc_ndcg_at_1000_max": 0.515037,
        "nauc_ndcg_at_1000_std": 0.346307,
        "nauc_ndcg_at_1000_diff1": 0.298788,
        "nauc_map_at_1_max": 0.234565,
        "nauc_map_at_1_std": -0.05905,
        "nauc_map_at_1_diff1": 0.485515,
        "nauc_map_at_3_max": 0.292164,
        "nauc_map_at_3_std": -0.013049,
        "nauc_map_at_3_diff1": 0.415471,
        "nauc_map_at_5_max": 0.314237,
        "nauc_map_at_5_std": 0.018872,
        "nauc_map_at_5_diff1": 0.393886,
        "nauc_map_at_10_max": 0.3482,
        "nauc_map_at_10_std": 0.073958,
        "nauc_map_at_10_diff1": 0.36292,
        "nauc_map_at_20_max": 0.363738,
        "nauc_map_at_20_std": 0.108527,
        "nauc_map_at_20_diff1": 0.348039,
        "nauc_map_at_100_max": 0.38304,
        "nauc_map_at_100_std": 0.164763,
        "nauc_map_at_100_diff1": 0.32966,
        "nauc_map_at_1000_max": 0.393343,
        "nauc_map_at_1000_std": 0.198171,
        "nauc_map_at_1000_diff1": 0.316439,
        "nauc_recall_at_1_max": 0.234565,
        "nauc_recall_at_1_std": -0.05905,
        "nauc_recall_at_1_diff1": 0.485515,
        "nauc_recall_at_3_max": 0.233692,
        "nauc_recall_at_3_std": -0.040719,
        "nauc_recall_at_3_diff1": 0.327998,
        "nauc_recall_at_5_max": 0.250513,
        "nauc_recall_at_5_std": -0.009458,
        "nauc_recall_at_5_diff1": 0.293516,
        "nauc_recall_at_10_max": 0.279268,
        "nauc_recall_at_10_std": 0.042576,
        "nauc_recall_at_10_diff1": 0.262292,
        "nauc_recall_at_20_max": 0.260538,
        "nauc_recall_at_20_std": 0.060495,
        "nauc_recall_at_20_diff1": 0.212853,
        "nauc_recall_at_100_max": 0.295616,
        "nauc_recall_at_100_std": 0.188048,
        "nauc_recall_at_100_diff1": 0.169524,
        "nauc_recall_at_1000_max": 0.264592,
        "nauc_recall_at_1000_std": 0.238417,
        "nauc_recall_at_1000_diff1": 0.125361,
        "nauc_precision_at_1_max": 0.511932,
        "nauc_precision_at_1_std": 0.247814,
        "nauc_precision_at_1_diff1": 0.410213,
        "nauc_precision_at_3_max": 0.496344,
        "nauc_precision_at_3_std": 0.311628,
        "nauc_precision_at_3_diff1": 0.210508,
        "nauc_precision_at_5_max": 0.480688,
        "nauc_precision_at_5_std": 0.365481,
        "nauc_precision_at_5_diff1": 0.140845,
        "nauc_precision_at_10_max": 0.423673,
        "nauc_precision_at_10_std": 0.409036,
        "nauc_precision_at_10_diff1": 0.0553,
        "nauc_precision_at_20_max": 0.347077,
        "nauc_precision_at_20_std": 0.425019,
        "nauc_precision_at_20_diff1": 0.000732,
        "nauc_precision_at_100_max": 0.245925,
        "nauc_precision_at_100_std": 0.447359,
        "nauc_precision_at_100_diff1": -0.050264,
        "nauc_precision_at_1000_max": 0.101291,
        "nauc_precision_at_1000_std": 0.31914,
        "nauc_precision_at_1000_diff1": -0.10095,
        "nauc_mrr_at_1_max": 0.511932,
        "nauc_mrr_at_1_std": 0.247814,
        "nauc_mrr_at_1_diff1": 0.410213,
        "nauc_mrr_at_3_max": 0.52186,
        "nauc_mrr_at_3_std": 0.275583,
        "nauc_mrr_at_3_diff1": 0.365614,
        "nauc_mrr_at_5_max": 0.536185,
        "nauc_mrr_at_5_std": 0.293058,
        "nauc_mrr_at_5_diff1": 0.3577,
        "nauc_mrr_at_10_max": 0.539052,
        "nauc_mrr_at_10_std": 0.289318,
        "nauc_mrr_at_10_diff1": 0.360918,
        "nauc_mrr_at_20_max": 0.537102,
        "nauc_mrr_at_20_std": 0.288598,
        "nauc_mrr_at_20_diff1": 0.357336,
        "nauc_mrr_at_100_max": 0.536871,
        "nauc_mrr_at_100_std": 0.290285,
        "nauc_mrr_at_100_diff1": 0.357579,
        "nauc_mrr_at_1000_max": 0.536798,
        "nauc_mrr_at_1000_std": 0.29004,
        "nauc_mrr_at_1000_diff1": 0.357918,
        "main_score": 0.29165,
        "hf_subset": "default",
        "languages": [
          "eng-Latn"
        ]
      }
    ]
  },
  "evaluation_time": 94.26326632499695,
  "kg_co2_emissions": null
}