{
  "dataset_revision": "f8c2fcf00f625baaa80f62ec5bd9e1fff3b8ae88",
  "task_name": "SCIDOCS",
  "mteb_version": "1.38.30",
  "scores": {
    "test": [
      {
        "ndcg_at_1": 0.185,
        "ndcg_at_3": 0.15329,
        "ndcg_at_5": 0.13168,
        "ndcg_at_10": 0.15521,
        "ndcg_at_20": 0.17616,
        "ndcg_at_100": 0.21602,
        "ndcg_at_1000": 0.26206,
        "map_at_1": 0.0378,
        "map_at_3": 0.06749,
        "map_at_5": 0.07881,
        "map_at_10": 0.08944,
        "map_at_20": 0.09681,
        "map_at_100": 0.10409,
        "map_at_1000": 0.10624,
        "recall_at_1": 0.0378,
        "recall_at_3": 0.0872,
        "recall_at_5": 0.11605,
        "recall_at_10": 0.15895,
        "recall_at_20": 0.20777,
        "recall_at_100": 0.33727,
        "recall_at_1000": 0.56488,
        "precision_at_1": 0.185,
        "precision_at_3": 0.14333,
        "precision_at_5": 0.1144,
        "precision_at_10": 0.0784,
        "precision_at_20": 0.05115,
        "precision_at_100": 0.01662,
        "precision_at_1000": 0.00278,
        "mrr_at_1": 0.185,
        "mrr_at_3": 0.252,
        "mrr_at_5": 0.26835,
        "mrr_at_10": 0.279611,
        "mrr_at_20": 0.285263,
        "mrr_at_100": 0.289793,
        "mrr_at_1000": 0.290594,
        "nauc_ndcg_at_1_max": 0.252087,
        "nauc_ndcg_at_1_std": 0.053649,
        "nauc_ndcg_at_1_diff1": 0.259533,
        "nauc_ndcg_at_3_max": 0.266257,
        "nauc_ndcg_at_3_std": 0.099324,
        "nauc_ndcg_at_3_diff1": 0.185697,
        "nauc_ndcg_at_5_max": 0.279284,
        "nauc_ndcg_at_5_std": 0.124393,
        "nauc_ndcg_at_5_diff1": 0.174767,
        "nauc_ndcg_at_10_max": 0.29379,
        "nauc_ndcg_at_10_std": 0.158256,
        "nauc_ndcg_at_10_diff1": 0.185421,
        "nauc_ndcg_at_20_max": 0.300093,
        "nauc_ndcg_at_20_std": 0.191632,
        "nauc_ndcg_at_20_diff1": 0.185041,
        "nauc_ndcg_at_100_max": 0.305293,
        "nauc_ndcg_at_100_std": 0.238595,
        "nauc_ndcg_at_100_diff1": 0.181201,
        "nauc_ndcg_at_1000_max": 0.313784,
        "nauc_ndcg_at_1000_std": 0.258065,
        "nauc_ndcg_at_1000_diff1": 0.176693,
        "nauc_map_at_1_max": 0.247781,
        "nauc_map_at_1_std": 0.052011,
        "nauc_map_at_1_diff1": 0.25071,
        "nauc_map_at_3_max": 0.268275,
        "nauc_map_at_3_std": 0.087657,
        "nauc_map_at_3_diff1": 0.195409,
        "nauc_map_at_5_max": 0.284352,
        "nauc_map_at_5_std": 0.114779,
        "nauc_map_at_5_diff1": 0.184129,
        "nauc_map_at_10_max": 0.299755,
        "nauc_map_at_10_std": 0.142124,
        "nauc_map_at_10_diff1": 0.196872,
        "nauc_map_at_20_max": 0.30379,
        "nauc_map_at_20_std": 0.162519,
        "nauc_map_at_20_diff1": 0.194912,
        "nauc_map_at_100_max": 0.30822,
        "nauc_map_at_100_std": 0.182129,
        "nauc_map_at_100_diff1": 0.195851,
        "nauc_map_at_1000_max": 0.309298,
        "nauc_map_at_1000_std": 0.185493,
        "nauc_map_at_1000_diff1": 0.195399,
        "nauc_recall_at_1_max": 0.247781,
        "nauc_recall_at_1_std": 0.052011,
        "nauc_recall_at_1_diff1": 0.25071,
        "nauc_recall_at_3_max": 0.264941,
        "nauc_recall_at_3_std": 0.117612,
        "nauc_recall_at_3_diff1": 0.148014,
        "nauc_recall_at_5_max": 0.285104,
        "nauc_recall_at_5_std": 0.157245,
        "nauc_recall_at_5_diff1": 0.134847,
        "nauc_recall_at_10_max": 0.296049,
        "nauc_recall_at_10_std": 0.209154,
        "nauc_recall_at_10_diff1": 0.152591,
        "nauc_recall_at_20_max": 0.297018,
        "nauc_recall_at_20_std": 0.267572,
        "nauc_recall_at_20_diff1": 0.147691,
        "nauc_recall_at_100_max": 0.275291,
        "nauc_recall_at_100_std": 0.348921,
        "nauc_recall_at_100_diff1": 0.120354,
        "nauc_recall_at_1000_max": 0.263928,
        "nauc_recall_at_1000_std": 0.384083,
        "nauc_recall_at_1000_diff1": 0.078935,
        "nauc_precision_at_1_max": 0.252087,
        "nauc_precision_at_1_std": 0.053649,
        "nauc_precision_at_1_diff1": 0.259533,
        "nauc_precision_at_3_max": 0.268924,
        "nauc_precision_at_3_std": 0.120269,
        "nauc_precision_at_3_diff1": 0.15255,
        "nauc_precision_at_5_max": 0.288783,
        "nauc_precision_at_5_std": 0.160088,
        "nauc_precision_at_5_diff1": 0.137859,
        "nauc_precision_at_10_max": 0.299757,
        "nauc_precision_at_10_std": 0.210957,
        "nauc_precision_at_10_diff1": 0.156394,
        "nauc_precision_at_20_max": 0.298718,
        "nauc_precision_at_20_std": 0.26713,
        "nauc_precision_at_20_diff1": 0.151172,
        "nauc_precision_at_100_max": 0.274926,
        "nauc_precision_at_100_std": 0.346673,
        "nauc_precision_at_100_diff1": 0.123384,
        "nauc_precision_at_1000_max": 0.264712,
        "nauc_precision_at_1000_std": 0.380702,
        "nauc_precision_at_1000_diff1": 0.083029,
        "nauc_mrr_at_1_max": 0.252087,
        "nauc_mrr_at_1_std": 0.053649,
        "nauc_mrr_at_1_diff1": 0.259533,
        "nauc_mrr_at_3_max": 0.254903,
        "nauc_mrr_at_3_std": 0.089296,
        "nauc_mrr_at_3_diff1": 0.202829,
        "nauc_mrr_at_5_max": 0.25902,
        "nauc_mrr_at_5_std": 0.094759,
        "nauc_mrr_at_5_diff1": 0.201119,
        "nauc_mrr_at_10_max": 0.260549,
        "nauc_mrr_at_10_std": 0.101537,
        "nauc_mrr_at_10_diff1": 0.199453,
        "nauc_mrr_at_20_max": 0.261364,
        "nauc_mrr_at_20_std": 0.106046,
        "nauc_mrr_at_20_diff1": 0.201713,
        "nauc_mrr_at_100_max": 0.260846,
        "nauc_mrr_at_100_std": 0.10614,
        "nauc_mrr_at_100_diff1": 0.201472,
        "nauc_mrr_at_1000_max": 0.26099,
        "nauc_mrr_at_1000_std": 0.105798,
        "nauc_mrr_at_1000_diff1": 0.201669,
        "main_score": 0.15521,
        "hf_subset": "default",
        "languages": [
          "eng-Latn"
        ]
      }
    ]
  },
  "evaluation_time": 535.6863071918488,
  "kg_co2_emissions": null
}