{
  "dataset_revision": "0228b52cf27578f30900b9e5271d331663a030d7",
  "task_name": "SciFact",
  "mteb_version": "1.38.30",
  "scores": {
    "test": [
      {
        "ndcg_at_1": 0.47667,
        "ndcg_at_3": 0.54499,
        "ndcg_at_5": 0.57037,
        "ndcg_at_10": 0.6019,
        "ndcg_at_20": 0.62245,
        "ndcg_at_100": 0.63889,
        "ndcg_at_1000": 0.6469,
        "map_at_1": 0.44494,
        "map_at_3": 0.51606,
        "map_at_5": 0.53264,
        "map_at_10": 0.54732,
        "map_at_20": 0.5538,
        "map_at_100": 0.55669,
        "map_at_1000": 0.55697,
        "recall_at_1": 0.44494,
        "recall_at_3": 0.59461,
        "recall_at_5": 0.66072,
        "recall_at_10": 0.75333,
        "recall_at_20": 0.83089,
        "recall_at_100": 0.91267,
        "recall_at_1000": 0.97667,
        "precision_at_1": 0.47667,
        "precision_at_3": 0.21778,
        "precision_at_5": 0.14667,
        "precision_at_10": 0.08433,
        "precision_at_20": 0.04717,
        "precision_at_100": 0.01037,
        "precision_at_1000": 0.00111,
        "mrr_at_1": 0.476667,
        "mrr_at_3": 0.540556,
        "mrr_at_5": 0.554722,
        "mrr_at_10": 0.566651,
        "mrr_at_20": 0.571131,
        "mrr_at_100": 0.573402,
        "mrr_at_1000": 0.573642,
        "nauc_ndcg_at_1_max": 0.571463,
        "nauc_ndcg_at_1_std": 0.115793,
        "nauc_ndcg_at_1_diff1": 0.741884,
        "nauc_ndcg_at_3_max": 0.549686,
        "nauc_ndcg_at_3_std": 0.133372,
        "nauc_ndcg_at_3_diff1": 0.673512,
        "nauc_ndcg_at_5_max": 0.539543,
        "nauc_ndcg_at_5_std": 0.107364,
        "nauc_ndcg_at_5_diff1": 0.665166,
        "nauc_ndcg_at_10_max": 0.556167,
        "nauc_ndcg_at_10_std": 0.134193,
        "nauc_ndcg_at_10_diff1": 0.669291,
        "nauc_ndcg_at_20_max": 0.562047,
        "nauc_ndcg_at_20_std": 0.137002,
        "nauc_ndcg_at_20_diff1": 0.676352,
        "nauc_ndcg_at_100_max": 0.568356,
        "nauc_ndcg_at_100_std": 0.149225,
        "nauc_ndcg_at_100_diff1": 0.678841,
        "nauc_ndcg_at_1000_max": 0.566878,
        "nauc_ndcg_at_1000_std": 0.143042,
        "nauc_ndcg_at_1000_diff1": 0.682172,
        "nauc_map_at_1_max": 0.529046,
        "nauc_map_at_1_std": 0.044094,
        "nauc_map_at_1_diff1": 0.748846,
        "nauc_map_at_3_max": 0.542345,
        "nauc_map_at_3_std": 0.103743,
        "nauc_map_at_3_diff1": 0.694115,
        "nauc_map_at_5_max": 0.54002,
        "nauc_map_at_5_std": 0.09679,
        "nauc_map_at_5_diff1": 0.68931,
        "nauc_map_at_10_max": 0.549792,
        "nauc_map_at_10_std": 0.111928,
        "nauc_map_at_10_diff1": 0.690161,
        "nauc_map_at_20_max": 0.553475,
        "nauc_map_at_20_std": 0.114969,
        "nauc_map_at_20_diff1": 0.691706,
        "nauc_map_at_100_max": 0.554243,
        "nauc_map_at_100_std": 0.117257,
        "nauc_map_at_100_diff1": 0.692153,
        "nauc_map_at_1000_max": 0.554173,
        "nauc_map_at_1000_std": 0.11699,
        "nauc_map_at_1000_diff1": 0.692212,
        "nauc_recall_at_1_max": 0.529046,
        "nauc_recall_at_1_std": 0.044094,
        "nauc_recall_at_1_diff1": 0.748846,
        "nauc_recall_at_3_max": 0.515767,
        "nauc_recall_at_3_std": 0.138812,
        "nauc_recall_at_3_diff1": 0.610336,
        "nauc_recall_at_5_max": 0.481863,
        "nauc_recall_at_5_std": 0.082389,
        "nauc_recall_at_5_diff1": 0.565621,
        "nauc_recall_at_10_max": 0.522923,
        "nauc_recall_at_10_std": 0.16523,
        "nauc_recall_at_10_diff1": 0.559632,
        "nauc_recall_at_20_max": 0.541294,
        "nauc_recall_at_20_std": 0.176307,
        "nauc_recall_at_20_diff1": 0.581862,
        "nauc_recall_at_100_max": 0.644541,
        "nauc_recall_at_100_std": 0.386011,
        "nauc_recall_at_100_diff1": 0.567359,
        "nauc_recall_at_1000_max": 0.752634,
        "nauc_recall_at_1000_std": 0.530279,
        "nauc_recall_at_1000_diff1": 0.614913,
        "nauc_precision_at_1_max": 0.571463,
        "nauc_precision_at_1_std": 0.115793,
        "nauc_precision_at_1_diff1": 0.741884,
        "nauc_precision_at_3_max": 0.522537,
        "nauc_precision_at_3_std": 0.266195,
        "nauc_precision_at_3_diff1": 0.497628,
        "nauc_precision_at_5_max": 0.483562,
        "nauc_precision_at_5_std": 0.252643,
        "nauc_precision_at_5_diff1": 0.399904,
        "nauc_precision_at_10_max": 0.482903,
        "nauc_precision_at_10_std": 0.355374,
        "nauc_precision_at_10_diff1": 0.301097,
        "nauc_precision_at_20_max": 0.410186,
        "nauc_precision_at_20_std": 0.364286,
        "nauc_precision_at_20_diff1": 0.184532,
        "nauc_precision_at_100_max": 0.360757,
        "nauc_precision_at_100_std": 0.455615,
        "nauc_precision_at_100_diff1": 0.053084,
        "nauc_precision_at_1000_max": 0.255115,
        "nauc_precision_at_1000_std": 0.441037,
        "nauc_precision_at_1000_diff1": -0.090772,
        "nauc_mrr_at_1_max": 0.571463,
        "nauc_mrr_at_1_std": 0.115793,
        "nauc_mrr_at_1_diff1": 0.741884,
        "nauc_mrr_at_3_max": 0.576252,
        "nauc_mrr_at_3_std": 0.14883,
        "nauc_mrr_at_3_diff1": 0.698373,
        "nauc_mrr_at_5_max": 0.570231,
        "nauc_mrr_at_5_std": 0.137411,
        "nauc_mrr_at_5_diff1": 0.690252,
        "nauc_mrr_at_10_max": 0.574722,
        "nauc_mrr_at_10_std": 0.147133,
        "nauc_mrr_at_10_diff1": 0.692072,
        "nauc_mrr_at_20_max": 0.574901,
        "nauc_mrr_at_20_std": 0.145774,
        "nauc_mrr_at_20_diff1": 0.694963,
        "nauc_mrr_at_100_max": 0.575299,
        "nauc_mrr_at_100_std": 0.146575,
        "nauc_mrr_at_100_diff1": 0.694958,
        "nauc_mrr_at_1000_max": 0.575269,
        "nauc_mrr_at_1000_std": 0.146383,
        "nauc_mrr_at_1000_diff1": 0.695026,
        "main_score": 0.6019,
        "hf_subset": "default",
        "languages": [
          "eng-Latn"
        ]
      }
    ]
  },
  "evaluation_time": 133.265540599823,
  "kg_co2_emissions": null
}